PID,Title,Topic,Country,Province,City,Note,Note_type,Language,Extent,Genre,Genre_authority,Publisher
PC014993,Granum Alberta: They Have Lots To [crow] About Around Here,,Canada,Alberta,Granum,"Small illustration of a crow on the left side of the card, the right is filled with a typed message",public_description,English,1 postcard: col. ; 8.7 x 14 cm,postcards,gmgpc,
,,,,,,Mr. Ora. Sonner,public_to,,,,,
,,,,,,D.L. Morrow,public_from,,,,,
,,,,,,Cody Wyo U.S.A.,public_address,,,,,
,,Agriculture,,,,"Hello Sonny Are you still alive if so write and tell me Yours Truly D.L. Morrow Granum, Alta",public_message,,,,,
,,,,,,GRANUM JUL 27 0[3],public_postmark_date,,,,,
,,Grains,,,,"Dear Folks:- I have just seen the Granum ex-hibit at the Dominion Fair, Calgary. Say, they must have a great district. Wheat goes as high as 60 bushel to the acre and from 30 to 40 is common. Oats yield from 40 to 100 bushel and barley 30 to 50 bushel. You should see the grand display of native and tame grasses and also clovers and alfalfa. Vegetables do well there. If you are in-terested write to the Sec. Board of Trade, Granum, Alta. Sincerely yours,",public_on_front,,,,,
,,Harvesting,,,,,,,,,,
,,Farming,,,,,,,,,,
,,Fairs,,,,,,,,,,
,,Land settlement--Canada,,,,,,,,,,
PC015110,There's Something To Crow About At Edmonton.,,Canada,Alberta,Edmonton,B&w photograph appearing to depict a building-sized chicken standing next to the Arlington apartments in Edmonton,public_description,English,1 postcard: b&w ; 8.5 x 13.7 cm,postcards,gmgpc,E.I.
,,,,,,Master A Lyon,public_to,,,,,
,,,,,,Mother,public_from,,,,,
,,,,,,Stry p O Alta,public_address,,,,,
,,Collages,,,,I got here this morning I have not seen papa mother,public_message,,,,,
,,,,,,EDMONTON MR 10 ALTA,public_postmark_date,,,,,
,,Chickens,,,,ARLINGTON APARTMENTS EDMONTON,public_on_front,,,,,
,,Livestock,,,,,,,,,,
PC015313,"""it Pays To Go """"up In The Air!"""" In Winnipeg""",,Canada,Manitoba,Winnipeg,B&w photograph of a street in Winnipeg; has been manipulated to appear as if two airplanes are flying low within the city; a boy watches on,public_description,English,1 postcard: b&w ; 8.5 x 14 cm,postcards,gmgpc,
,,,,,,Mr. H. Roberts,public_to,,,,,
,,,,,,Lawea,public_from,,,,,
,,,,,,42 Hartington St. Barrow in Furness Lancashire England,public_address,,,,,
,,Collages,,,,"I wonder if you have forgotten all about me, any-way I will refresh your memory Harold. I am still alive, and was disappointed I did not see you to say good-bye. I may come over some-day you know & should not like to think I was altogether forgotten. Lawea",public_message,,,,,
,,Airplanes,,,,,,,,,,
,,Streets,,,,,,,,,,
PC015601,A Land For Cattle,Farming,,,,Coloured aerial photograph of a prairie farm,public_description,English,1 postcard: col. ; 8.5 x 14 cm,postcards,gmgpc,
,,,,,,Mr. W. Moore,public_to,,,,,
,,Land development,,,,Alice,public_from,,,,,
,,,,,,2 Bedford Place Rocky Hill Maidstone.,public_address,,,,,
,,Emigration & immigration,,,,"Dear Will How is your [n]eck? I'm wondering. I have sent your umbrella, old hay. Do not forget my gl[ass] will you? Tell mum I hope she tries haven[sic] very nice time in London, & I can help May. I hope her face is quite better by now, Mind you as not forget my in-struction for Saturday night, if your week is not quite better Much love. Alice",public_message,,,,,
,,,,,,ROCHESTER 10 PM NO 9 05 KENT,public_postmark_date,,,,,
,,Agriculture,,,,"160 ACRE FARMS IN WESTERN CANADA FREE GOOD SCHOOLS. SPLENDID CLIMATE. RICH SOIL. SPLENDID PASTURAGE LAND FOR CATTLE. EXCELLENT DAIRYING. Particulars may be obtained from any CANADIAN GOVERNMENT AGENT OR FROM MR. W.D. SCOTT, Superintendent of Immigration, OTTAWA. MR. W.T.R. PRESTON, Commissioner of Emigration, 11-12 Charing Cross, LONDON, W.C. ENGLAND",public_on_back,,,,,
,,Land settlement--Canada,,,,,,,,,,
PC016217,"Loading Tomatoes For Shipment Winnipeg, Manitoba",,Canada,Manitoba,Winnipeg,B&w photograph appearing to depict a man loading giant tomatoes onto a train bed,public_description,English,1 postcard: b&w ; 8.7 x 13.7 cm,postcards,gmgpc,
,,,,,,Lelter & Paul,public_to,,,,,
,,,,,,"Dear Lelter & Paul Glad to hear you are both able to get away on a holiday trip, we trust you will enjoy every minute of the time you are away & will feel much refreshed in your return Many thanks for Birthday rememberance, good of you to think of me like this. The sox were much needed as well, had worn out the heels & toes of all mine. Sorry we had to miss our visit to Baskerville this year, the work around the house kept me busy and staggered the [b]ank well. The summer here has been very",public_message,,,,,
,,,,,,Writte in m.s.: Nov. 2/5[3]1,public_on_back,,,,,
,,Collages,,,,16,public_on_front,,,,,
,,Tomatoes,,,,,,,,,,
,,Transportation,,,,,,,,,,
,,Trains,,,,,,,,,,
PC016340,Your Friends In Winnipeg Would Like A Glimpse Of You,,Canada,Manitoba,Winnipeg,Illustrated flag accompanied by a b&w photograph of two women beside a tree overhanging a body of water,public_description,English,1 postcard : col. ; 9 x 14 cm,postcards,gmgpc,
,,,,,,Miss Annie Lockhead,public_to,,,,,
,,,,,,Ross K.,public_from,,,,,
,,,,,,Enterprise Ontario Can.,public_address,,,,,
,,Cities & towns,,,,"Dear Annie; Well Annie thought I would drop you a card to let you know I am still alive and will be able to read a large letter letter from you as soon as you can get it here, Hope everything is lovely down there. how is E[ff]ie (.Ha Ha) Bye answer soon Ross K.",public_message,,,,,
,,,,,,GRENFELL AL 24 14 SASK,public_postmark_date,,,,,
,,Pennants,,,,,,,,,,
,,Tourism,,,,,,,,,,
PC016767,"Carman, Manitoba, Canada. A Prosperous Town, Built Up Altogether Through Fertility  Of Surrouding District.",,Canada,Manitoba,Carman,"Coloured aerial photograph of Carman, Manitoba",public_description,English,1 postcard: col. ; 8.5 x 14 cm,postcards,gmgpc,
,,,,,,"160 ACRE FARMS IN WESTERN CANADA FREE GOOD SCHOOLS. SPLENDID CLIMATE. RICH SOIL. SPLENDID PASTURAGE LAND FOR CATTLE. EXCELLENT DAIRYING. Particulars may be obtained from any CANADIAN GOVERNMENT AGENT OR FROM MR. W.D. SCOTT, Superintendent of Immigration, OTTAWA. MR. W.T.R. PRESTON, Commissioner of Emigration, 11-12 Charing Cross, LONDON, W.C. ENGLAND",public_on_back,,,,,
,,Farming,,,,,,,,,,
,,Land development,,,,,,,,,,
,,Emigration & immigration,,,,,,,,,,
,,Agriculture,,,,,,,,,,
,,Land settlement--Canada,,,,,,,,,,
PC016774,"House And Barn Of Mr. Bradshaw, Near Morden, Manitoba, Canada.",,Canada,Manitoba,Morden,Coloured photograph of farm buildings; foregrounded by a field of wheat,public_description,English,1 postcard: col. ; 8.5 x 14 cm,postcards,gmgpc,
,,,,,,"160 ACRE FARMS IN WESTERN CANADA FREE GOOD SCHOOLS. SPLENDID CLIMATE. RICH SOIL. SPLENDID PASTURAGE LAND FOR CATTLE. EXCELLENT DAIRYING. Particulars may be obtained from any CANADIAN GOVERNMENT AGENT OR FROM MR. W.D. SCOTT, Superintendent of Immigration, OTTAWA. MR. W.T.R. PRESTON, Commissioner of Emigration, 11-12 Charing Cross, LONDON, W.C. ENGLAND",public_on_back,,,,,
,,Farming,,,,,,,,,,
,,Land development,,,,,,,,,,
,,Emigration & immigration,,,,,,,,,,
,,Agriculture,,,,,,,,,,
,,Land settlement--Canada,,,,,,,,,,
PC016800,"Portage La Prairie. The Oldest Town In Manitoba, Canada.",,Canada,Manitoba,Portage,"Coloured aerial photograph of Portage La Prairie, Manitoba",public_description,English,1 postcard: col. ; 8.5 x 14 cm,postcards,gmgpc,
,,,,,,"160 ACRE FARMS IN WESTERN CANADA FREE GOOD SCHOOLS. SPLENDID CLIMATE. RICH SOIL. SPLENDID PASTURAGE LAND FOR CATTLE. EXCELLENT DAIRYING. Particulars may be obtained from any CANADIAN GOVERNMENT AGENT OR FROM MR. W.D. SCOTT, Superintendent of Immigration, OTTAWA. MR. W.T.R. PRESTON, Commissioner of Emigration, 11-12 Charing Cross, LONDON, W.C. ENGLAND",public_on_back,,,,,
,,Farming,,,,,,,,,,
,,Land development,,,,,,,,,,
,,Emigration & immigration,,,,,,,,,,
,,Agriculture,,,,,,,,,,
,,Land settlement--Canada,,,,,,,,,,
PC016917,"C.P.R. Dam - Neepawa, Man.",,Canada,Manitoba,Neepawa,"Small b&w photograph of the C.P.R. dam in Neepawa, Manitoba; accompanied by a poem",public_description,English,1 postcard : col. ; 9 x 14 cm,postcards,gmgpc,
,,,,,,"This sure is some town, You've heard of its renown, It's equal you ne'er can find; But Oh, how I pine, For one tiny line, Our friendship of old to bind.",public_on_front,,,,,
,,Poetry,,,,,,,,,,
,,Cities & Towns,,,,,,,,,,
,,Dams,,,,,,,,,,
,,Tourism,,,,,,,,,,
PC016983,"Cutting Wheat At Mr. Lonsdale Nelles, Brandon, Manitoba, Canada.",,Canada,Manitoba,Brandon,Coloured photgraph of farmers driving teams of horses to cut wheat in a field,public_description,English,1 postcard: col. ; 8.5 x 14 cm,postcards,gmgpc,
,,,,,,"160 ACRE FARMS IN WESTERN CANADA FREE GOOD SCHOOLS. SPLENDID CLIMATE. RICH SOIL. SPLENDID PASTURAGE LAND FOR CATTLE. EXCELLENT DAIRYING. Particulars may be obtained from any CANADIAN GOVERNMENT AGENT OR FROM MR. W.D. SCOTT, Superintendent of Immigration, OTTAWA. MR. W.T.R. PRESTON, Commissioner of Emigration, 11-12 Charing Cross, LONDON, W.C. ENGLAND",public_on_back,,,,,
,,Farming,,,,,,,,,,
,,Land development,,,,,,,,,,
,,Emigration & immigration,,,,,,,,,,
,,Agriculture,,,,,,,,,,
,,Land settlement--Canada,,,,,,,,,,
PC016988,"""brandon Has Some """"peaches"""" But You Have Them All Skinned""",,Canada,Manitoba,Brandon,"""Photograph of a woman holding a stick; a flag is illustrated abover her bearing the word """"Brandon""""""",public_description,English,1 postcard: col. ; 9 x 14 cm,postcards,gmgpc,
,,,,,,Mr. George N. [Joslew],public_to,,,,,
,,,,,,Ella,public_from,,,,,
,,,,,,"2038 Park Ave. Annex : Montreal, Que.",public_address,,,,,
,,Cities & towns,,,,"Brandon, Man. Sept. 19-12, Thurs. Dear George, I hope you like this card. It's the best I can get. (etc.) to show I miss you + still remember you. We have to wait until 2:30 a.m. for a train to go to Winnipeg  [fair] at 8 a.m. Lovely [hrs], I feel fine. Only lonesome, [Siux] me [dusnl] - yet. It is O.K. Just a nice stay + [long] enough. I guess you are sorry. L.A.L. O.K. Ella",public_message,,,,,
,,,,,,WINNIPEG & MOOSE JAW 62 SP 20 12,public_postmark_date,,,,,
,,Women,,,,,,,,,,
,,Pennants,,,,,,,,,,
,,Courtship,,,,,,,,,,
,,Tourism,,,,,,,,,,
PC017284,A Market Gardeners Start,,Canada,Manitoba,Winnipeg,"B&w photograph of a farmhome and garden; foregrounded by two children, two horses, and three adults",public_description,English,1 postcard: b&w ; 9 x 14 cm,postcards,gmgpc,
,,,,,,Gran. Ma.,public_to,,,,,
,,,,,,Ches & Jim,public_from,,,,,
,,,,,,"Dear Gran. Ma. To wish you a Happy Xmas and a bright new year. I guess you was surprised to hear that I was married. I am properly happy, and hope to remain so. We are in good health hoping the same for your-self. With love from Ches & Jim xxx",public_message,,,,,
,,Homesteading,,,,WEST WINNIPEG - THE 20TH CENTURY MONEY MAKER,public_on_back,,,,,
,,,,,,"IN WEST WINNIPEG THE BEAUTIFUL MANUFACTURING, MARKET GARDEN AND SUBURBAN HOME DOWN ON THE G.T.P., C.P.R. AND C.N.R. RAILWAYS Get Maps, Plans, and Full Information from MacMILLAN & VOLLANS. The Real Estate Men. WINNIPEG, MAN.",public_on_front,,,,,
,,Real estate business,,,,",",public_other,,,,,
,,Land development,,,,,,,,,,
,,Farming,,,,,,,,,,
,,Agriculture,,,,,,,,,,
,,Land settlement--Canada,,,,,,,,,,
PC017542,"Mr. Benjamin F. Holden's Farm, Indian Head, Canada.",,Canada,Saskatchewan,Indian,"Coloured photograph of a near-empty field in Indian Head, Saskatchewan; farm buildings can be seen far in the distance",public_description,English,1 postcard: col. ; 8.5 x 14 cm,postcards,gmgpc,
,,,,,,"160 ACRE FARMS IN WESTERN CANADA FREE GOOD SCHOOLS. SPLENDID CLIMATE. RICH SOIL. SPLENDID PASTURAGE LAND FOR CATTLE. EXCELLENT DAIRYING. Particulars may be obtained from any CANADIAN GOVERNMENT AGENT OR FROM MR. W.D. SCOTT, Superintendent of Immigration, OTTAWA. MR. W.T.R. PRESTON, Commissioner of Emigration, 11-12 Charing Cross, LONDON, W.C. ENGLAND",public_on_back,,,,,
,,Farming,,,,,,,,,,
,,Land development,,,,,,,,,,
,,Emigration & immigration,,,,,,,,,,
,,Agriculture,,,,,,,,,,
,,Land settlement--Canada,,,,,,,,,,
PC017921,A Red River Cart And A Dug-out,,Canada,Saskatchewan,Qu'Appelle,"B&w photograph of a red river cart and a dug-out home in Qu'Appelle, Saskatchewan",public_description,English,1 postcard: b&w ; 8.7 x 13.7 cm,postcards,gmgpc,
,,,,,,"600,000 Settlers are expected to enter Canada next year, many of whom will settle in the Diocese of Qu'Appelle. This Diocese is endeavouring to provide the Church's ministrations for its ever-increasing population, and needs much help. Information about the work is to be found in THE OCCASIONAL PAPER of the Qu'Appelle Association, which may be obtained (1s. per annum, post free) from Rev. ARTHUR KRAUSS, Pirbright Vicarage, Surrey ; or, W. MAURICE ADAMS, """"Heatherhurst,"""" Brookwood, Surrey.",public_on_front,,,,,
,,,,,,",",public_other,,,,,
,,Homesteading,,,,,,,,,,
,,Land settlement--Canada,,,,,,,,,,
PC018046,Moose Jaw Why Don't You Come And Live In A Real Good Live Town Like This?,,Canada,Saskatchewan,Moose,"""Illustration of a young boy in a cowboy outfit leaning against a post; an illustrated flag with the words """"Moose Jaw"""" flies above him""",public_description,English,1 postcard : col. ; 9 x 14 cm,postcards,gmgpc,
,,,,,,Mr. A. Harbottle,public_to,,,,,
,,,,,,Wes Oliver,public_from,,,,,
,,,,,,Findlay Man.,public_address,,,,,
,,Cities & towns,,,,"Well Art, How's tricks [G]ev is up here but I cant make him stay this time. Will write letter tommorow. Hope you & your lady are both well. From Wes Oliver",public_message,,,,,
,,,,,,MOOSE JAW 4:30 OM OCT 29 1913,public_postmark_date,,,,,
,,Children,,,,Illegible writing on front in m.s.,public_on_front,,,,,
,,Cowboys,,,,,,,,,,
,,Pennants,,,,,,,,,,
,,Tourism,,,,,,,,,,
,,Land settlement--Canada,,,,,,,,,,
PC018096,"High Street (looking East), Moose Jaw, Canada.",,Canada,Saskatchewan,Moose,"Street scene in Moose Jaw, Saskatchewan with automobiles and streetcarts in front of the Dominion Bank ",public_description,English,1 postcard : col. ; 9 x 14 cm,postcards,gmgpc,Lewis Rice
,,,,,,"Some towns are afraid to see new people come in, fearing that there will not be enough for all ; That's not Moose Jaw ; Moose Jaw Post Card Day, June 1st, 1912",public_on_back,,,,,
,,Streets,,,,,,,,,,
,,Street railroads,,,,,,,,,,
,,Automobiles,,,,,,,,,,
,,Cities & towns,,,,,,,,,,
,,Land settlement--Canada,,,,,,,,,,
,,Tourism,,,,,,,,,,
PC018373,Five Men Standing In The Field,Homesteading,,,,B&w photograph shows five farmers standing over a sizable bed of potatoes,public_description,English,1 postcard: b&w ; 8.5 x 14 cm,postcards,gmgpc,
,,,,,,The Secretary of the Edmonton Board of Trade,public_to,,,,,
,,Land development,,,,The Secretary of the Edmonton Board of Trade,public_from,,,,,
,,,,,,"Edmonton, Canada",public_address,,,,,
,,Agriculture,,,,I want to know about the resources of CENTRAL ALBERTA Please send me illustrated descriptive pamphlet Name ___ Address ___ Occupation ___,public_message,,,,,
,,,,,,[OVER],public_on_front,,,,,
,,Farming,,,,",",public_other,,,,,
,,Potatoes,,,,,,,,,,
,,Land settlement--Canada,,,,,,,,,,
PC018536,"Farm Of Mr. J. E. Marples, Deleau, Manitoba, Canada",,Canada,Manitoba,Deleau,Coloured photograph of a farm home; four women and eight horses stand in front of it,public_description,English,1 postcard: col. ; 8.5 x 14 cm,postcards,gmgpc,
,,,,,,"160 ACRE FARMS IN WESTERN CANADA FREE GOOD SCHOOLS. SPLENDID CLIMATE. RICH SOIL. SPLENDID PASTURAGE LAND FOR CATTLE. EXCELLENT DAIRYING. Particulars may be obtained from any CANADIAN GOVERNMENT AGENT OR FROM MR. W.D. SCOTT, Superintendent of Immigration, OTTAWA. MR. W.T.R. PRESTON, Commissioner of Emigration, 11-12 Charing Cross, LONDON, W.C. ENGLAND",public_on_back,,,,,
,,Farming,,,,,,,,,,
,,Land development,,,,,,,,,,
,,Emigration & immigration,,,,,,,,,,
,,Agriculture,,,,,,,,,,
,,Land settlement--Canada,,,,,,,,,,
PC018572,"House Of Mr. J.P. Laycock, Russell, Manitoba, Canada.",,Canada,Manitoba,Russell,"Coloured photograph of a farm home and buildings, foregrounded by a field",public_description,English,1 postcard: col. ; 8.5 x 14 cm,postcards,gmgpc,
,,,,,,"160 ACRE FARMS IN WESTERN CANADA FREE GOOD SCHOOLS. SPLENDID CLIMATE. RICH SOIL. SPLENDID PASTURAGE LAND FOR CATTLE. EXCELLENT DAIRYING. Particulars may be obtained from any CANADIAN GOVERNMENT AGENT OR FROM MR. W.D. SCOTT, Superintendent of Immigration, OTTAWA. MR. W.T.R. PRESTON, Commissioner of Emigration, 11-12 Charing Cross, LONDON, W.C. ENGLAND",public_on_back,,,,,
,,Farming,,,,,,,,,,
,,Land development,,,,,,,,,,
,,Emigration & immigration,,,,,,,,,,
,,Agriculture,,,,,,,,,,
,,Land settlement--Canada,,,,,,,,,,
PC018640,Met A Friend Of Yours In Swan Lake Guess Who-,,Canada,Manitoba,Swan,"""Orange felt flag with the words """"Swan Lake"""" is affixed to the left side of the postcard; the right features a b&w illustrated photograph of a couple hiding their faces behind a fan""",public_description,English,1 postcard: col. ; 9 x 14 cm,postcards,gmgpc,
,,Cities & towns,,,,,,,,,,
,,Couples,,,,,,,,,,
,,Pennants,,,,,,,,,,
,,Tourism,,,,,,,,,,
PC018859,A Suburban Home,,Canada,Manitoba,Winnipeg,"B&w photograph of a suburban home in Winnipeg, Manitoba",public_description,English,1 postcard: sepia ; 8.7 x 14 cm,postcards,gmgpc,
,,,,,,"""""Mary""",public_to,,,,,
,,,,,,Dick,public_from,,,,,
,,,,,,12 Park Avenue Wood Green. London N. England,public_address,,,,,
,,Homesteading,,,,Hope you are a girl & taking just care of the master. We are having very [text obscured] weather now [+] [text obscured] fell about 150 meters from here yesterday. Dick. 27/9/08,public_message,,,,,
,,,,,,"WINNIPEG, MAN SEP 29 2-PM 1908 ; WINNIPEG MAN SEP 29 2-PM 1908",public_postmark_date,,,,,
,,Real estate business,,,,WEST WINNIPEG - THE 20TH CENTURY MONEY MAKER,public_on_back,,,,,
,,,,,,"IN WEST WINNIPEG THE BEAUTIFUL Manufacturing, Market Garden and Suburban Home Down on the G.T.P., C.P.R. and C.N.R. Railways Get Maps, Plans, and Full Information from MacMILLAN & VOLLANS. The Real Estate Men. WINNIPEG, MAN.,",public_on_front,,,,,
,,Land development,,,,,,,,,,
,,Houses,,,,,,,,,,
,,Land settlement--Canada,,,,,,,,,,
PC020227,Why Dont You Come To Winnipeg And Runabout The Town With Me,,Canada,Manitoba,Winnipeg,Illustration of a woman driving a car with a flag with 'WINNIPEG' written on it,public_description,English,1 postcard : col. ; 9 x 14 cm,postcards,gmgpc,
,,,,,,Miss Dagny Nilson,public_to,,,,,
,,,,,,Christine,public_from,,,,,
,,,,,,Clan William Man. Box 24,public_address,,,,,
,,Cities & towns,,,,"Dear sister got your card thank you for it, agnes is down to see us to night, how are you all at home. goodbye, Christine Write soon",public_message,,,,,
,,,,,,"WINNIPEG, MAN MAR 7 5-AM 1913",public_postmark_date,,,,,
,,Women,,,,Written in ms.: Winnipeg March 6,public_on_back,,,,,
,,Automobiles,,,,,,,,,,
,,Pennants,,,,,,,,,,
,,Tourism,,,,,,,,,,
PC020228,"Gee! But It Makes Me Sad To Think Of Leaving Winnipeg, Man.",,Canada,Manitoba,Winnipeg,Illustration depicting a man and a woman with oversized heads sitting on the bank of a body of water,public_description,English,1 postcard : col. ; 9 x 14 cm,postcards,gmgpc,
,,,,,,Miss Dagny Nilson,public_to,,,,,
,,,,,,Christine,public_from,,,,,
,,,,,,Clan William Box 24 Man.,public_address,,,,,
,,Cities & towns,,,,"Dear Sister. Thank you for your letter, now Arthur is soon coming up to see you, What did you think of his picture, It has been raining dow[n] h[er]e [for days] good[bye] [write] again. [?] Christine X X X X from Arthur",public_message,,,,,
,,,,,,WINNIPEG MAN JUN 7 5:30 AM 7,public_postmark_date,,,,,
,,Pennants,,,,Written in ms.: June 5,public_on_back,,,,,
,,Tourism,,,,,,,,,,
PC020230,You Auto Be In Winnipeg. The Town Of Towns,,Canada,Manitoba,Winnipeg,"""Illustration of a man driving a car with a woman and animal in the backseat; a flag with the word """"Winnipeg"""" flies alongside it""",public_description,English,1 postcard : col. ; 9 x 14 cm,postcards,gmgpc,
,,,,,,Miss M. A. Dewar,public_to,,,,,
,,,,,,[J]. L.,public_from,,,,,
,,,,,,1 Norhaw Place Jesmond Newcastle on Tyne England,public_address,,,,,
,,Cities & towns,,,,Have been out tobagganing to night shooting right across the river and had one or two [shells] and bones Broken [J]. L.,public_message,,,,,
,,Automobiles,,,,,,,,,,
,,Pennants,,,,,,,,,,
,,Tourism,,,,,,,,,,
PC021361,Shadow Effect On The Bow. Calgary - Alta,,Canada,Alberta,Calgary,"Small b&w photograph of a man and a horse reflecting of the Bow River in Calgary, Alberta; accompanied by a poem",public_description,English,1 postcard : col. ; 9 x 14 cm,postcards,gmgpc,
,,,,,,Written in ms.: Real Photo,public_on_back,,,,,
,,,,,,"The Rose is red, The violet's blue This town's a hummer, Let me hear from you.",public_on_front,,,,,
,,Rivers,,,,,,,,,,
,,Poetry,,,,,,,,,,
,,Cities & towns,,,,,,,,,,
,,Horses,,,,,,,,,,
,,Tourism,,,,,,,,,,
PC021444,Here Is Where We Grow Good Wheat At Red Deer,,Canada,Alberta,Red,B&w photograph appearing to show a farmer cutting a field of at least 12 feet-tall wheat with a team of horses,public_description,English,1 postcard: sepia ; 8.5 x 14 cm,postcards,gmgpc,
,,Collages,,,,,,,,,,
,,Farming,,,,,,,,,,
,,Wheat,,,,,,,,,,
PC021984,I'll Be Good When You Return To Bradwardine Don't Be Cross.,,Canada,Manitoba,Bradwardine,"""Illustrated flag with the word """"Bradwardine"""" written on the right; b&w photograph of a couple standing against a rock wall is set on the left side of the card""",public_description,English,1 postcard: col. ; 9 x 14,postcards,gmgpc,
,,,,,,Mrs. James Mackie,public_to,,,,,
,,,,,,"Balmoral, Man.",public_address,,,,,
,,,,,,Monday 2:30 Have my washing all done & my bread in the oven. Had a letter from [?]ett. Saturday & Uncle Willie had a slight stroke last Wed. has no use of his left side and his right-side pains him awful. she said he might get the use of his side back b[ut] she let us know in case any thing happened. said she would [sorte] again. we are going to Brandon Tomorrow,public_message,,,,,
,,Cities & towns,,,,BRADWARDINE FE 16 15 MAN. ; BAL[DUR] FE 17 15 MAN.,public_postmark_date,,,,,
,,Pennants,,,,,,,,,,
,,Couples,,,,,,,,,,
,,Courtship,,,,,,,,,,
,,Tourism,,,,,,,,,,
PC022010,The Country Roads Are Chust Fine Around Hartney,,Canada,Manitoba,Hartney,"""Illustrated flag with the word """"Hartney"""" as well as an illustration of a child wearing clogs on it; the bottom-right of the card features an illustration of a country scene""",public_description,English,1 postcard: col. ; 9 x 14 cm,postcards,gmgpc,
,,,,,,Miss Edna Sanderson,public_to,,,,,
,,,,,,Caman Man.,public_address,,,,,
,,,,,,Congratulations to you I think you might take a trip up now,public_message,,,,,
,,Cities & towns,,,,HARTNEY JUL 30 17 MAN.,public_postmark_date,,,,,
,,,,,,Written in m.s.: why didn't you call n try them,public_on_front,,,,,
,,Children,,,,,,,,,,
,,Pennants,,,,,,,,,,
,,Tourism,,,,,,,,,,
PC022671,Saskatoon Saskatchewan: The Wonder City,,Canada,Saskatchewan,Saskatoon,Small booklet depicting a woman standing over a busy trainyard,public_description,English,1 booklet: b&w ; 8.5 x 11 cm,postcards,gmgpc,Canadian Promotion Co.
,,,,,,"SASKATOON HAS over 100 Wholesale Firms. Has 16 Passenger Trains Daily arriving and departing from three Railway Stations. Has Mod-ern Water and Sewage Systems. Has 12 Modern Hotels. Has 13 Modern Schools, Churches and Theatres and Is an Up-to-Date City in Every Respect BUILDING STATISTICS 1907-$377,211 1908-$115,625 1909-$1,002,055 1910-$2,817,771 CITY ASSESSMENT 1906 $2,517,145 1907 $6,621,337 1908 $7,450,135 1909 $8,156,357 1910 $10,748,639 1911 $13,000,000 (conservatively) POPULATION 1903-113 1906-3,011 1911 (February)-over 16,000 SCHOOL ATTENDANCE 1906-296 1907-364 1908-651 1909-1,113 Feb., 1911-1,660 Can any other City in the world equal this record?",public_message,,,,,
,,,,,,"G.A. MARTIN L.R. HARGREAVES Compliments of Martin & Hargreaves INVESTMENT, REAL ESTATE INSURANCE BROKERS 107 HELGERSON BLK., 2ND AVENUE SASKATOON, Sask.",public_on_back,,,,,
,,,,,,",",public_other,,,,,
,,Homesteading,,,,,,,,,,
,,Land development,,,,,,,,,,
,,Real estate business,,,,,,,,,,
,,Land settlement--Canada,,,,,,,,,,
PC022866,Cutting The Grain In Manitoba Canada's Golden West,,Canada,Manitoba,,Coloured photograph of grain being cut by men and teams of horses; surrounded by a golden border with maple leaves,public_description,English,1 postcard: col. ; 8.5 x 13.7 cm,postcards,gmgpc,Valentine & Sons
,,,,,,Miss [J]arvis c/o Mrs. Siss[d]o[n],public_to,,,,,
,,,,,,[Mo]derdown Farm Eddington Nr. Herne Bay,public_address,,,,,
,,,,,,"""Auntie Kate """" sends dear Phillis """"Many very happy returns of the day"""" & all other loving good wishes Sidcup. 11/8/1917.",public_message,,,,,
,,Agriculture,,,,SIDCUP 2-PM 11 AU 17,public_postmark_date,,,,,
,,,,,,"Written on photograph: 105,277 J.V.",public_on_front,,,,,
,,Harvesting,,,,",",public_other,,,,,
,,Farming,,,,,,,,,,
,,Grains,,,,,,,,,,
,,Land settlement--Canada,,,,,,,,,,
PC023243,A Display Of A Man Riding A Horse,,Canada,Alberta,,B&w photograph depicting an exhibit showcasing Alberta,public_description,English,1 postcard: b&w ; 8.7 x 13.7 cm,postcards,gmgpc,
,,,,,,Folks,public_to,,,,,
,,,,,,"Department of Agriculture, Alberta Board of Trade",public_from,,,,,
,,,,,,"Toronto, Sept. 1908 Dear Folks I have just seen the Alberta Government exhibit at the Fair. Say! They must have a great province. Wheat goes as high as 60 bushels to the acre and from 30 to 40 is common. Oats yield from 40 to 100 bushel, and barley 30 to 50 bushel. You should see the unitation wheat field, the grand display of native and tame grasses and also clovers and alfalfa. Vegetables do well there, The climate is ideal for health. Coal is found in all parts of the Province. Coal oil and natural gas are also found there. If you are interested write to the Department of Agriculture, Edmonton or the Secretary of any Alberta Board  of Trade for literature With kind regards from Yours Sincerely",public_message,,,,,
,,Agricultural exhibits,,,,,,,,,,
,,Agriculture,,,,,,,,,,
,,Land development,,,,,,,,,,
,,Land settlement--Canada,,,,,,,,,,
PC023248,"Mr. Thomas Ingram, Griswold, Manitoba, Canada.",,Canada,Manitoba,Griswold,"Coloured photograph of farm buildings in Griswold, Manitoba",public_description,English,1 postcard: col. ; 8.5 x 14 cm,postcards,gmgpc,
,,,,,,Mr. A M[?]kie,public_to,,,,,
,,,,,,"160 ACRE FARMS IN WESTERN CANADA FREE GOOD SCHOOLS. SPLENDID CLIMATE. RICH SOIL. SPLENDID PASTURAGE LAND FOR CATTLE. EXCELLENT DAIRYING. Particulars may be obtained from any CANADIAN GOVERNMENT AGENT OR FROM MR. W.D. SCOTT, Superintendent of Immigration, OTTAWA. MR. W.T.R. PRESTON, Commissioner of Emigration, 11-12 Charing Cross, LONDON, W.C. ENGLAND",public_on_back,,,,,
,,Farming,,,,,,,,,,
,,Land development,,,,,,,,,,
,,Emigration & immigration,,,,,,,,,,
,,Agriculture,,,,,,,,,,
,,Land settlement--Canada,,,,,,,,,,
PC023513,A Load Of Alberta Grown Potatoes,,Canada,Alberta,,B&w photograph appearing to show a horse-drawn cart carrying oversized potatoes,public_description,English,1 postcard: b&w ; 8.5 x 14 cm,postcards,gmgpc,
,,,,,,Master Euqeur A[lick],public_to,,,,,
,,,,,,South Beach Jud. 1151 Vestula Ave,public_address,,,,,
,,,,,,Darling Honour Boy These are big potatoes aren't they I think our would last us gardening and supper. Today X was out shooting ducks - [Got] about 20 - they were worth 100 [cute] get [study] [we] [muddle] [lahe] & I didn't ban a [vash] so Jim got there around the [?] Hope you are having lots of [fun] Your loving Papa,public_message,,,,,
,,Collages,,,,"CALGARY, ALTA. AUG 26 9-AM 1910",public_postmark_date,,,,,
,,,,,,No 84.,public_on_front,,,,,
,,Potatoes,,,,,,,,,,
,,Transportation,,,,,,,,,,
PC023527,"Plowing, Alberta, Canada.",,Canada,Alberta,,Coloured photograph of five teams of horses working to plough a field in Alberta,public_description,English,1 postcard: col. ; 8.5 x 14 cm,postcards,gmgpc,
,,,,,,"160 ACRE FARMS IN WESTERN CANADA FREE GOOD SCHOOLS. SPLENDID CLIMATE. RICH SOIL. SPLENDID PASTURAGE LAND FOR CATTLE. EXCELLENT DAIRYING. Particulars may be obtained from any CANADIAN GOVERNMENT AGENT OR FROM MR. W.D. SCOTT, Superintendent of Immigration, OTTAWA. MR. W.T.R. PRESTON, Commissioner of Emigration, 11-12 Charing Cross, LONDON, W.C. ENGLAND",public_on_back,,,,,
,,Farming,,,,,,,,,,
,,Land development,,,,,,,,,,
,,Emigration & immigration,,,,,,,,,,
,,Agriculture,,,,,,,,,,
,,Land settlement--Canada,,,,,,,,,,
PC024419,"How Corny Can We Get? Winnipeg, Manitoba",,Canada,Manitoba,Winnipeg,B&w photograph appearing to show farmers sawing log-sized cobs of corn; also depicts a oversized hog in the background,public_description,English,1 postcard: b&w ; 8.7 x 14 cm,postcards,gmgpc,
,,,,,,12,public_on_front,,,,,
,,Collages,,,,,,,,,,
,,Agriculture,,,,,,,,,,
,,Farming,,,,,,,,,,
,,Swine,,,,,,,,,,
,,Corn,,,,,,,,,,
PC024447,Canada's Golden West: Clearing The Fields Canada's Golden West,Agriculture,,,,Coloured photograph of a farmer pitching a harvest onto a horsedrawn wagon; surrounded by a golden border with maple leaves,public_description,English,1 postcard: col. ; 8.5 x 13.7 cm,postcards,gmgpc,Valentine & Sons
,,,,,,"Written on photograph: 105,284 J.V.",public_on_front,,,,,
,,Harvesting,,,,",",public_other,,,,,
,,Farming,,,,,,,,,,
,,Land settlement--Canada,,,,,,,,,,
PC024448,Canada's Golden West: Ranchers Building Hay Stacks Canada's Golden West,Agriculture,,,,Coloured photograph of farmers using equipment to make hay stacks; surrounded by a golden border with maple leaves,public_description,English,1 postcard: col. ; 8.5 x 13.7 cm,postcards,gmgpc,Valentine & Sons
,,,,,,",",public_other,,,,,
,,Harvesting,,,,,,,,,,
,,Farming,,,,,,,,,,
,,Land settlement--Canada,,,,,,,,,,
PC024450,Greetings From Colonsay,,Canada,Saskatchewan,Colonsay,"Small b&w photograph of a street in Colonsay, Saskatchewan; accompanied by a poem",public_description,English,1 postcard : col. ; 9 x 13.5 cm,postcards,gmgpc,
,,,,,,"They say some towns are rather dry, While other towns are wet, But the town that has us beat Has not been heard from yet.",public_on_front,,,,,
,,Poetry,,,,,,,,,,
,,Streets,,,,,,,,,,
,,Cities & towns,,,,,,,,,,
,,Tourism,,,,,,,,,,
PC024458,Harvesting In Saskatchewan Canada's Golden West,,Canada,Saskatchewan,,Coloured photograph of a team of horses pulling a harvester over a field of grain,public_description,English,1 postcard: col. ; 8.5 x 13.7 cm,postcards,gmgpc,Valentine & Sons
,,,,,,Frey,public_from,,,,,
,,,,,,Un des nombreux champs qu'il y a au Canada,public_message,,,,,
,,,,,,"Written on photograph: 105,453 J.V.",public_on_front,,,,,
,,Agriculture,,,,"English translation: One of the many fields in Canada,",public_other,,,,,
,,Farming,,,,,,,,,,
,,Harvesting,,,,,,,,,,
,,Land settlement--Canada,,,,,,,,,,
PC024464,"Taking Our Geese To Market At Calgary, Alberta",,Canada,Alberta,Calgary,B&w photograph appearing to show two men leading roughly 12-foot-tall ducks down a road,public_description,English,1 postcard: b&w ; 8.7 x 13.7,postcards,gmgpc,
,,,,,,Mr. F. Patterson,public_to,,,,,
,,,,,,"Mary, Fred & Elva",public_from,,,,,
,,,,,,"Olds, Alta.",public_address,,,,,
,,Collages,,,,"Dear Freddie & [Mya], We are in Calgary. We have been coming up but haven't got there yet. We are taking the folks here to Banff for week-end We will be up Mon. Rainny[sic] weather. We got in here Wed. Well be seeing you Love Mary, Fred & Elva",public_message,,,,,
,,,,,,CALGARY JUN 8 1:30 AM 1946,public_postmark_date,,,,,
,,Ducks,,,,17,public_on_front,,,,,
PC024627,"""unity, Saskatchewan """"a Good Town In A Good District""""""",,Canada,Saskatchewan,Unity,"""Picture of a building with the word """"CANADA"""" on the front""",public_description,English,1 postcard : b&w ; 9 x 14 cm,postcards,gmgpc,
,,Buildings,,,,,,,,,,
,,Cities & towns,,,,,,,,,,
,,Tourism,,,,,,,,,,
PC024967,"Flour And Saw Mills At Brandon, Manitoba, On The Assiniboine River, Canada.",,Canada,Manitoba,Brandon,Coloured photograph from the Assiniboine River facing the flour and saw mills on the bank,public_description,English,1 postcard: col. ; 8.5 x 14 cm,postcards,gmgpc,
,,,,,,"160 ACRE FARMS IN WESTERN CANADA FREE GOOD SCHOOLS. SPLENDID CLIMATE. RICH SOIL. SPLENDID PASTURAGE LAND FOR CATTLE. EXCELLENT DAIRYING. Particulars may be obtained from any CANADIAN GOVERNMENT AGENT OR FROM MR. W.D. SCOTT, Superintendent of Immigration, OTTAWA. MR. W.T.R. PRESTON, Commissioner of Emigration, 11-12 Charing Cross, LONDON, W.C. ENGLAND",public_on_back,,,,,
,,Farming,,,,,,,,,,
,,Land development,,,,,,,,,,
,,Emigration & immigration,,,,,,,,,,
,,Agriculture,,,,,,,,,,
,,Land settlement--Canada,,,,,,,,,,
PC024968,"Mr. Jonathan Mansfield, Elton, North Brandon, Manitoba, Canada.",,Canada,Manitoba,Brandon,"Coloured photograph of farmers, agricultural machinery, and large stacks of harvest",public_description,English,1 postcard: col. ; 8.5 x 14 cm,postcards,gmgpc,
,,,,,,"160 ACRE FARMS IN WESTERN CANADA FREE GOOD SCHOOLS. SPLENDID CLIMATE. RICH SOIL. SPLENDID PASTURAGE LAND FOR CATTLE. EXCELLENT DAIRYING. Particulars may be obtained from any CANADIAN GOVERNMENT AGENT OR FROM MR. W.D. SCOTT, Superintendent of Immigration, OTTAWA. MR. W.T.R. PRESTON, Commissioner of Emigration, 11-12 Charing Cross, LONDON, W.C. ENGLAND",public_on_back,,,,,
,,Farming,,,,,,,,,,
,,Land development,,,,,,,,,,
,,Emigration & immigration,,,,,,,,,,
,,Agriculture,,,,,,,,,,
,,Land settlement--Canada,,,,,,,,,,
PC025177,Third St. Weyburn,,Canada,Saskatchewan,Weyburn,"Small b&w photograph of Third St. in Weyburn, Saskatchewan pasted onto a postcard; accompanied by poem ",public_description,English,1 postcard : col. ; 9 x 14 cm,postcards,gmgpc,
,,,,,,Bert Weaver Esq,public_to,,,,,
,,,,,,[J Baird],public_from,,,,,
,,,,,,"Quappelle, Sask",public_address,,,,,
,,Poetry,,,,"Hello Bert Just to let you know I am still one of the living. Was down to Weyburn last Wed and sure had some [?], Will write a letter in a few days [J Baird]",public_message,,,,,
,,,,,,LANG AP 29,public_postmark_date,,,,,
,,Streets,,,,Written in ms.: Colfax 4/27/13,public_on_back,,,,,
,,,,,,"I've traveled near, I've traveled far, But in all my rambles wide, A town like this, I'd never miss, I speak of it with pride.",public_on_front,,,,,
,,Cities & towns,,,,,,,,,,
,,Tourism,,,,,,,,,,
PC026245,"I Vill Be Tickled To See You In Edmonton Ach! Such A Time, Vat?",,Canada,Alberta,Edmonton,"""Orange felt flag with word """"Edmonton"""" is affixed to the left side of the card; right side features an illustration of a man wearing clogs and sitting on a chair""",public_description,English,1 postcard: col. ; 9 x 13.5 cm,postcards,gmgpc,
,,,,,,Miss F. Francis,public_to,,,,,
,,,,,,Eve,public_from,,,,,
,,,,,,P.O. Box 1136 Winnipeg Man.,public_address,,,,,
,,Cities & towns,,,,Dear Flo: - How do you like the card? I got my exam paper from you today. Well I don't feel so discouraged for[e scratched out] we have French grammar next and I am going to try and make 100 out of 100. It is awfully cold today. I went over  to Perre[c]s' last night and I am invited to Walter's birthday party.,public_message,,,,,
,,,,,,"EDMONTON, ALTA. FEB 16 6:30 PM 1918",public_postmark_date,,,,,
,,Pennants,,,,"""This card may be mailed for 1c if address and greeting such as """"Yours Truly"""" with signature of sender is written . If message is written also, 2c postage is required. ; Written in m.s.: Dont you think this is a good one on the card""",public_on_back,,,,,
,,Tourism,,,,,,,,,,
PC026246,Ven You Kume To Edmonton Shust Don't Kick My Dog Around.,,Canada,Alberta,Edmonton,"""Orange felt flag with word """"Edmonton"""" is affixed to the left side of the card; right side features an illustration of a sad child wearing clogs walking with her dog""",public_description,English,1 postcard: col. ; 9 x 13.5 cm,postcards,gmgpc,
,,,,,,Miss F. Francis,public_to,,,,,
,,,,,,Eve,public_from,,,,,
,,,,,,P.O. Box 1136 Winnipeg Man.,public_address,,,,,
,,Cities & towns,,,,Dear Flo; If you did not send Mrs. G. the mirrors of Jan 17 & 24 please send them to us as we did not get those numbers yet. Read the [magazines] today. Just arrived home from a basket ball game between Varsity 2nd team & VNS. the score being 23 to 8 in favor of VNS. Eve,public_message,,,,,
,,,,,,"EDMONTON, ALTA. FEB 20 2-PM 1913",public_postmark_date,,,,,
,,Pennants,,,,"""This card may be mailed for 1c if address and greeting such as """"Yours Truly"""" with signature of sender is written . If message is written also, 2c postage is required. ; Written in m.s.: Dont you think this is a good one on the card""",public_on_back,,,,,
,,Children,,,,,,,,,,
,,Dogs,,,,,,,,,,
,,Tourism,,,,,,,,,,
PC026403,"I'm Saving A Place For You In Clearwater, Man. Do Hurry Up",,Canada,Manitoba,Clearwater,"""Illustrated flag with the words """"Clearwater, Man."""" written on the top half of the card; a b&w photograph of a couple in front of a house is set at the bottom""",public_description,English,1 postcard: col. ; 9 x 14 cm,postcards,gmgpc,
,,,,,,Miss Abbie Hanis,public_to,,,,,
,,,,,,Flossie,public_from,,,,,
,,,,,,"Wood Bay, O[A], Manitoba",public_address,,,,,
,,Cities & towns,,,,"Dear Abbie - Sunday the 15th is our Anniversary, so will look for you and whoever else can come, to come down. Would write you a letter but thought I could tell you the news better. Edna & I were in Pilot Mound sat. afternoon, didn't see anyone we knew except C. Stewart. Let us know if you can come & some of you be sure & come all if you can Your friend - Flossie",public_message,,,,,
,,,,,,CLEARWATER NO 10 14 MAN ; WOOD BAY NO 10 14 MAN,public_postmark_date,,,,,
,,Pennants,,,,"Written in m.s.: Nov. 9, 1914",public_on_back,,,,,
,,Couples,,,,,,,,,,
,,Courtship,,,,,,,,,,
,,Tourism,,,,,,,,,,
PC026847,"Harvesting A Rich Crop Of Alfalfa (lucerne), On A Canadian Stock Farm.",Agriculture,,,,B&w photograph of a farmer being pulled by a team of horses across a field of alfalfa,public_description,English,1 postcard: b&w ; 9 x 14 cm,postcards,gmgpc,
,,,,,,",",public_other,,,,,
,,Harvesting,,,,,,,,,,
,,Farming,,,,,,,,,,
,,Land settlement--Canada,,,,,,,,,,
PC026848,A Prosperous Farm Home In Western Canada.,Agriculture,,,,B&w photograph of a farm home in Western Canada; foregrounded by a harvested field,public_description,English,1 postcard: b&w ; 9 x 14 cm,postcards,gmgpc,
,,,,,,Not many years ago this spot was unbroken prairie.,public_on_front,,,,,
,,Harvesting,,,,",",public_other,,,,,
,,Farming,,,,,,,,,,
,,Homesteading,,,,,,,,,,
,,Land settlement--Canada,,,,,,,,,,
PC026849,An Agricultural School In Western Canada.,Agriculture,,,,B&w photograph of a large school building in Western Canada; foregrounded by a field with about 40 people scattered across it,public_description,English,1 postcard: b&w ; 9 x 14 cm,postcards,gmgpc,
,,,,,,Here young men and women learn the principles of successful agriculture and domestic science.,public_on_front,,,,,
,,Schools,,,,",",public_other,,,,,
,,Homesteading,,,,,,,,,,
,,Land settlement--Canada,,,,,,,,,,
PC026850,Threshing Grain In Canada,Agriculture,,,,B&w photograph of a threshing gang set to work; black smoke billows out the chimney of a threshing machine,public_description,English,1 postcard: b&w ; 9 x 14 cm,postcards,gmgpc,
,,,,,,"The wheat harvest alone amounts to almost 500,000,000 bushels.",public_on_front,,,,,
,,Threshing,,,,",",public_other,,,,,
,,Threshing machines,,,,,,,,,,
,,Grains,,,,,,,,,,
,,Land settlement--Canada,,,,,,,,,,
PC026852,Canada's Golden West: Threshing Canada's Golden West,Agriculture,,,,Coloured photograph of a team of farmers threshing a harvest out on the field; horse-drawn wagons are piled up with the grain,public_description,English,1 postcard: col. ; 8.5 x 13.7 cm,postcards,gmgpc,Valentine & Sons
,,,,,,Miss Marie Travis,public_to,,,,,
,,Farming,,,,D,public_from,,,,,
,,,,,,Bakersfield Calif Box 805,public_address,,,,,
,,Threshing,,,,How does this Compare with our own Golden [thr]esh? Don't believe it's quite as golden as the picture indicates at this time of year D,public_message,,,,,
,,,,,,"WINNIPEG, MAN. NOV 10 4:30 PM 1910",public_postmark_date,,,,,
,,Threshing machines,,,,"Written on photograph: 105,280 J.V.",public_on_front,,,,,
,,,,,,",",public_other,,,,,
,,Land settlement--Canada,,,,,,,,,,
PC026853,In The Wheat Fields Of Saskatchewan Canada's Golden West,,Canada,Saskatchewan,,Coloured photograph of an automobile on a prairie lane; surrounded by a golden border with maple leaves,public_description,English,1 postcard: col. ; 8.5 x 13.7 cm,postcards,gmgpc,Valentine & Sons
,,,,,,Mr A Ca[mpbell],public_to,,,,,
,,,,,,M.G.,public_from,,,,,
,,,,,,168 Gl-George. St Hillhead Glasgow Scotland,public_address,,,,,
,,Agriculture,,,,"Nov 30th I hope to write you next week, we are all well. I trust Miss Machiccan And your-self is alright. [u]e[y] this weather M.G.",public_message,,,,,
,,,,,,COURTENAY PM NO 30 12 B.C.,public_postmark_date,,,,,
,,Harvesting,,,,"Written on photograph: 103,776 J.V.",public_on_front,,,,,
,,,,,,",",public_other,,,,,
,,Farming,,,,,,,,,,
,,Land settlement--Canada,,,,,,,,,,
PC026854,Harrowing Canadian Homestead Life,Agriculture,,,,Coloured photograph of a farmer leading two workhorses through a field to harrow it,public_description,English,1 postcard: col. ; 8.5 x 13.7 cm,postcards,gmgpc,Valentine & Sons
,,,,,,Mr. W. Edgecombe,public_to,,,,,
,,Homesteading,,,,Ethel,public_from,,,,,
,,,,,,Magnetawan Acct. Ont.,public_address,,,,,
,,Farming,,,,I have decided to stay till monday. Ethel,public_message,,,,,
,,,,,,[?]RK'S FALLS,public_postmark_date,,,,,
,,Land settlement--Canada,,,,"Written on photograph: 103,026 J.V.",public_on_front,,,,,
,,,,,,",",public_other,,,,,
PC026856,Threshing In Alberta Canada's Golden West,,Canada,Alberta,,Coloured photograph of farmers pitching a harvest into a machine for threshing; surrounded by a golden border with maple leaves,public_description,English,1 postcard: col. ; 8.5 x 13.7 cm,postcards,gmgpc,Valentine & Sons
,,,,,,"Written on photograph: 105,281 J.V.",public_on_front,,,,,
,,,,,,",",public_other,,,,,
,,Agriculture,,,,,,,,,,
,,Harvesting,,,,,,,,,,
,,Farming,,,,,,,,,,
,,Land settlement--Canada,,,,,,,,,,
PC026857,Canada's Golden West: Threshing Scene Canada's Golden West,Agriculture,,,,Coloured photograph of farmers loading a horse-drawn wagons of harvest into a threshing machine,public_description,English,1 postcard: col. ; 8.5 x 13.7 cm,postcards,gmgpc,Valentine & Sons
,,,,,,Hariet[sic],public_to,,,,,
,,Farming,,,,Dear Hariet[sic] how do you like this love to all,public_message,,,,,
,,,,,,"Written on photograph: 105,295 J.V.",public_on_front,,,,,
,,Threshing,,,,",",public_other,,,,,
,,Threshing machines,,,,,,,,,,
,,Land settlement--Canada,,,,,,,,,,
PC026858,Canada's Golden West: Cutting The Grain,Agriculture,,,,Coloured photograph of a team of horses pulling a grain harvester,public_description,English,1 postcard: col. ; 8.5 x 13.7 cm,postcards,gmgpc,Valentine & Sons
,,,,,,Mr. G.G. Martin,public_to,,,,,
,,Farming,,,,L.S.,public_from,,,,,
,,,,,,Cedar Bluffs Neb U.S.A.,public_address,,,,,
,,Grains,,,,"[Llodsb?] Alberta Canada Apr. 7. [Written upside-down: how is [Su]y?] Greetings. Dear folks, we are all well we have been having real nice weather since we are here till the 29 of March it commenced to snow and is still snowing, the snow is from 1 1/2 to 2 feet dee[p] on the land and it looks as if it could snow as much again some of the farmers have done some seeding we are wondering what kind of weather you are having now lets hear from you soon with love to you all your sister L.S. L.S.",public_message,,,,,
,,,,,,DA[?] AP 3 11 ALTA,public_postmark_date,,,,,
,,Harvesting,,,,"Written on photograph: 105,297 J.V.",public_on_front,,,,,
,,,,,,",",public_other,,,,,
,,Land settlement--Canada,,,,,,,,,,
PC026859,"Harvesting, Near Portage La Prairie, Man. Canada's Golden West",,Canada,Manitoba,Portage,Coloured photograph of farmers using teams of horses to harvest; surrounded by a golden border with maple leaves,public_description,English,1 postcard: col. ; 8.5 x 13.7 cm,postcards,gmgpc,Valentine & Sons
,,,,,,"Written on photograph: 105,452 J.V.",public_on_front,,,,,
,,,,,,",",public_other,,,,,
,,Agriculture,,,,,,,,,,
,,Harvesting,,,,,,,,,,
,,Farming,,,,,,,,,,
,,Land settlement--Canada,,,,,,,,,,
PC026860,"A Wheat Field, Near Edmonton, Alta. Canada's Golden West",,Canada,Alberta,Edmonton,Coloured photograph of a field of wheat; surrounded by a golden border with maple leaves,public_description,English,1 postcard: col. ; 8.5 x 13.7 cm,postcards,gmgpc,Valentine & Sons
,,,,,,Miss Goldie Prutt,public_to,,,,,
,,,,,,#243 w J. st Grants Pass Ore U.S.A.,public_address,,,,,
,,,,,,Tell Frank that I will write to him this week and not to get mad as I was not able to write much Well Goldie as I have not much more to,public_message,,,,,
,,Agriculture,,,,MOOSE JAW. SASK OCT 18 11-AM 1911,public_postmark_date,,,,,
,,,,,,"Written on photograph: 105,454 J.V.",public_on_front,,,,,
,,Harvesting,,,,,,,,,,
,,Farming,,,,,,,,,,
,,Land settlement--Canada,,,,,,,,,,
PC027187,"Farm Of H. Dorell, Near Moose Jaw, Assa., Canada.",,Canada,Saskatchewan,Moose,Coloured photograph of farm buildings in the background; foregrounded by a field littered with bushels of wheat,public_description,English,1 postcard: col. ; 8.5 x 14 cm,postcards,gmgpc,
,,,,,,"160 ACRE FARMS IN WESTERN CANADA FREE GOOD SCHOOLS. SPLENDID CLIMATE. RICH SOIL. SPLENDID PASTURAGE LAND FOR CATTLE. EXCELLENT DAIRYING. Particulars may be obtained from any CANADIAN GOVERNMENT AGENT OR FROM MR. W.D. SCOTT, Superintendent of Immigration, OTTAWA. MR. W.T.R. PRESTON, Commissioner of Emigration, 11-12 Charing Cross, LONDON, W.C. ENGLAND",public_on_back,,,,,
,,Farming,,,,,,,,,,
,,Land development,,,,,,,,,,
,,Emigration & immigration,,,,,,,,,,
,,Agriculture,,,,,,,,,,
,,Land settlement--Canada,,,,,,,,,,
PC027289,"Scene On The Road Near Winnipeg, Man. We Never Stop",,Canada,Manitoba,Winnipeg,B&w photograph altered to look as if a man is driving an automobile into a group of cows,public_description,English,1 postcard: b&w ; 8.5 x 13.5 cm,postcards,gmgpc,R.B. JOHNSON
,,,,,,Miss Florence Cain,public_to,,,,,
,,,,,,Billy,public_from,,,,,
,,,,,,1724 Davie St. Vancouver B.C.,public_address,,,,,
,,Collages,,,,"Winnipeg July 3/17 Dear Florence: Hope you are all well & having a good time, you want to comedown & visit autie during your holidays, hope you passed your exams OK. [Don't] know how long we will be here yet. Love to all On Laren Hotel Billy",public_message,,,,,
,,,,,,"WINNIPEG, MAN. JUL -PM 1917",public_postmark_date,,,,,
,,Automobiles,,,,",",public_other,,,,,
,,Cows,,,,,,,,,,
PC027383,Planting The Seed Canadian Homestead Life,Agriculture,,,,Coloured photograph of two farmers with metal pails full of potatoes,public_description,English,1 postcard: col. ; 8.5 x 13.7 cm,postcards,gmgpc,Valentine & Sons
,,,,,,Miss Izalia Abbot,public_to,,,,,
,,Farming,,,,Margaret,public_from,,,,,
,,,,,,R7H#3 Lincoln Nebraska U.S.A.,public_address,,,,,
,,Homesteading,,,,"Coronation all = Canada. Aug. 1. 1913. Dear niece, I rec'd your card. was very pleased to hear from you, [so] we thought you had forgotten us. I wonder if Esther remembers saying she would not be long in answering my letter we wonder what she calls long. Was glad to know your Papa is keeping well. We are all well here. Lizzie was out 4 days last week. John is down on his home stead. Are you going to go to school in L[uirhe] again? I suppose you will have your threshing done now. Our grain is no good. Well write soon. With love from all to all. Your Aunt, Margaret.",public_message,,,,,
,,,,,,NATION,public_postmark_date,,,,,
,,Land settlement--Canada,,,,"Written on photograph: 103, 510 J.V.",public_on_front,,,,,
,,,,,,",",public_other,,,,,
PC027386,"Mr. Chas L. Romeril, Sterling Settlement, South Alberta, Canada",,Canada,Alberta,Stirling,Coloured photograph of a farm in the Sterling Settlement,public_description,English,1 postcard: col. ; 8.5 x 14 cm,postcards,gmgpc,
,,,,,,Miss Leusley,public_to,,,,,
,,,,,,6. Castle Green Penistone Nr Sheffield,public_address,,,,,
,,,,,,"Am delighted that you have got so near. Could you come next week-end but one; that will be Feb.16th. It will be lovely if you can, just send a s.e. & say you are coming. The Social was ripping It is most bitterly cold here to day. With love S-B- Shall write next Sunday as usual just send me about coming ",public_message,,,,,
,,Farming,,,,ROTHERHAM 10:30 PM FE 5 06,public_postmark_date,,,,,
,,,,,,"160 ACRE FARMS IN WESTERN CANADA FREE GOOD SCHOOLS. SPLENDID CLIMATE. RICH SOIL. SPLENDID PASTURAGE LAND FOR CATTLE. EXCELLENT DAIRYING. Particulars may be obtained from any CANADIAN GOVERNMENT AGENT OR FROM MR. W.D. SCOTT, Superintendent of Immigration, OTTAWA. MR. W.T.R. PRESTON, Commissioner of Emigration, 11-12 Charing Cross, LONDON, W.C. ENGLAND",public_on_back,,,,,
,,Land development,,,,Sterling' assumed as 'Stirling',public_other,,,,,
,,Emigration & immigration,,,,,,,,,,
,,Agriculture,,,,,,,,,,
,,Land settlement--Canada,,,,,,,,,,
PC027456,Ven Dreams Kum True In Innisfail Dere Vill Be Mutch Happiness,,Canada,Alberta,Innisfail,"""Illustrated flag with the word """"Innisfail"""" adorns the left side; an illustration of a man wearing clogs and smoking a pipe sits on the right; a vision of a woman appears in the smoke""",public_description,English,1 postcard: col. ; 8.7 x 14 cm,postcards,gmgpc,
,,Cities & towns,,,,,,,,,,
,,Smoking,,,,,,,,,,
,,Couples,,,,,,,,,,
,,Pipes (Smoking),,,,,,,,,,
,,Pennants,,,,,,,,,,
,,Tourism,,,,,,,,,,
PC027457,"""there Are All Kinds Of Picnics In Innisfail, Atla. But You Would Be The Real """"one"""" For Me""",,Canada,Alberta,Innisfail,"""Illustrated flag with the words """"Innisfail, Alta."""" on the left; accompanied by a b&w picture of an outdoor picnic on the right""",public_description,English,1 postcard: col. ; 9 x 14 cm,postcards,gmgpc,
,,Cities & towns,,,,,,,,,,
,,Courtship,,,,,,,,,,
,,Pennants,,,,,,,,,,
,,Tourism,,,,,,,,,,
PC027458,"""the """"grizzly Bear"""" Is Quite The Thing In Innisfail, Alta. And """"lordy How You Can Hug""""""",,Canada,Alberta,Innisfail,"""Illustrated flag with the words """"Innisfail, Alta."""" on the left; accompanied by a b&w picture of a couple embracing on the right""",public_description,English,1 postcard: col. ; 9 x 14 cm,postcards,gmgpc,
,,Cities & towns,,,,,,,,,,
,,Couples,,,,,,,,,,
,,Pennants,,,,,,,,,,
,,Courtship,,,,,,,,,,
,,Tourism,,,,,,,,,,
PC027686,"Home Of Mr. Nelson Bedford, Glengross Manitoba, Canada.",,Canada,Manitoba,Glengross,Coloured photograph of a typical farm scene: large farm buildings are foregrounded by a herd of cattle and a few bushels of wheat,public_description,English,1 postcard: col. ; 8.5 x 14 cm,postcards,gmgpc,
,,,,,,"160 ACRE FARMS IN WESTERN CANADA FREE GOOD SCHOOLS. SPLENDID CLIMATE. RICH SOIL. SPLENDID PASTURAGE LAND FOR CATTLE. EXCELLENT DAIRYING. Particulars may be obtained from any CANADIAN GOVERNMENT AGENT OR FROM MR. W.D. SCOTT, Superintendent of Immigration, OTTAWA. MR. W.T.R. PRESTON, Commissioner of Emigration, 11-12 Charing Cross, LONDON, W.C. ENGLAND",public_on_back,,,,,
,,Farming,,,,,,,,,,
,,Land development,,,,,,,,,,
,,Emigration & immigration,,,,,,,,,,
,,Agriculture,,,,,,,,,,
,,Land settlement--Canada,,,,,,,,,,
PC027893,You Can Be The Foreman On My Ranch Our Here In Hughenden,,Canada,Alberta,Hughenden,"""Illustrated flag with the word """"Hughenden"""" as well as an illustration of a child wearing a cowboy outfit on it; the bottom-right of the card features an illustration of a cowboy roping a steer""",public_description,English,1 postcard: col. ; 9 x 14 cm,postcards,gmgpc,
,,,,,,Mabel Lufswol[d],public_to,,,,,
,,,,,,Spokane 216 South Ceder st wash. usa.,public_address,,,,,
,,,,,,HUGHENDEN MY 8 14 ALTA,public_postmark_date,,,,,
,,Cities & towns,,,,,,,,,,
,,Pennants,,,,,,,,,,
,,Children,,,,,,,,,,
,,Cowboys,,,,,,,,,,
,,Tourism,,,,,,,,,,
PC027916,At Work In The Field Canadian Homestead Life,Agriculture,,,,Coloured photograph of a young man tending to a crop in a field,public_description,English,1 postcard: col. ; 8.5 x 13.7 cm,postcards,gmgpc,Valentine & Sons
,,,,,,Isa Scott,public_to,,,,,
,,Homesteading,,,,John,public_from,,,,,
,,,,,,Hilton Man,public_address,,,,,
,,Farming,,,,From John.,public_message,,,,,
,,,,,,"Written on photograph: 103,506 J.V.",public_on_front,,,,,
,,Land settlement--Canada,,,,",",public_other,,,,,
PC027918,Cleaning Up Canadian Homestead Life,Agriculture,,,,Coloured photograph of a farmer ploughing his field with the use of a horsedrawn plough,public_description,English,1 postcard: col. ; 8.5 x 13.7 cm,postcards,gmgpc,Valentine & Sons
,,,,,,Mary Scott,public_to,,,,,
,,Plowing,,,,John,public_from,,,,,
,,,,,,From John to Mary.,public_message,,,,,
,,Homesteading,,,,"Written on photograph: 103,508 J.V.",public_on_front,,,,,
,,,,,,",",public_other,,,,,
,,Farming,,,,,,,,,,
,,Land settlement--Canada,,,,,,,,,,
PC028343,"Loading Our Catch Portage La Prairie, Man. Canada",,Canada,Manitoba,Portage,B&w photograph appearing to depict four fishermen attempting to load 9 human-sized fish onto the roof of a car,public_description,English,1 postcard: sepia ; 8.7 x 13.7 cm,postcards,gmgpc,
,,,,,,2,public_on_front,,,,,
,,Collages,,,,,,,,,,
,,Fish,,,,,,,,,,
,,Fishing,,,,,,,,,,
,,Automobiles,,,,,,,,,,
PC028349,Snap Shot Taken In Ninette,,Canada,Manitoba,Ninette,b&w photograph of two girls sitting with guns inlaid on a peeling parchment illustration on a blue background,public_description,English,1 postcard : col. ; 9 x 14 cm,postcards,gmgpc,
,,,,,,Mrs. M [L] Clement,public_to,,,,,
,,,,,,M. [E] Holland,public_from,,,,,
,,,,,,16th Street Brandon Man.,public_address,,,,,
,,Hunting,,,,Am having a lovely time down here. The Weather is grand. Have been in the water every day. [But] don't swim like a fish like half a drowned mermaid. M. [E]. Holland,public_message,,,,,
,,,,,,NINETTE JUL 22 13 MAN,public_postmark_date,,,,,
,,Women,,,,Written in ms.: 4,public_on_back,,,,,
,,Cities & towns,,,,,,,,,,
,,Tourism,,,,,,,,,,
PC028775,"If You Must Love Girls, Love Blackie Girls",,Canada,Alberta,Blackie,"""Illustrated flag with the word """"Blackie"""" written on it; lower half of card consists of a b&w photograph of a street in Blackie pasted onto the card itself""",public_description,English,1 postcard: col. ; 9 x 14 cm,postcards,gmgpc,
,,,,,,Mr. + Mrs James Shearer,public_to,,,,,
,,,,,,Belle,public_from,,,,,
,,,,,,"Bogeman, Mont. R.7.U. #1",public_address,,,,,
,,Cities & towns,,,,"Just a line to let you know I am still on the map. I suppose you are busy with chickens and garden Why don't you write? With love, Belle.",public_message,,,,,
,,,,,,BLACKIE AM JUN 19 14 ALTA,public_postmark_date,,,,,
,,Pennants,,,,Written on photo: STREET SCENE BLACKIE ALTA.,public_on_front,,,,,
,,Tourism,,,,,,,,,,
PC028974,I'd Rather Be A Hitching Post In Gull Lake Than Lord Mayor Of London,,Canada,Saskatchewan,Gull,Illustration of blue flowers,public_description,English,1 postcard : col. ; 9 x 13.5 cm,postcards,gmgpc,
,,,,,,Mr. Roy McCurdy,public_to,,,,,
,,,,,,John,public_from,,,,,
,,,,,,Milton R. [Nol.] N. Dak.,public_address,,,,,
,,Flowers,,,,"Hallo Roy! - How is N.D. anyway? It is pretty tame around here just now. When are you coming out here, you better get a move on. It is quite a big change here since last year. Hope to hear from you soon I am your friend John",public_message,,,,,
,,,,,,GULL LAKE PM NO 15 10 SASK,public_postmark_date,,,,,
,,Cities & towns,,,,,,,,,,
,,Tourism,,,,,,,,,,
PC029319,207-an Inviting Road In The Rockies,,Canada,Unknown,"Province,",Illustration of a dirt road through the wilderness and into the Rocky Mountains; accompanied by a poem,public_description,English,1 postcard : col. ; 9 x 14 cm,postcards,gmgpc,
,,,,,,"""The West is the place for the """"Vagabond Lover"""" of nature and the outdoors. Highways go nearly everywhere, even to the tops of the mountains, and quiet trails lead to secluded beauty spots away from the crowd. To roam all day and camp at night beneath the pines and aspens beside a murmuring stream at the foot of a mountain makes a perfect (Rocky Mountain) day.""",public_on_back,,,,,
,,,,,,"THE CALL OF THE TRAIL. The call of the wild is not over the sea It comes from the west, the Trail is free My automobile is the castle key That opens the western world to me. The sweep of the hills in their distant view Nor the roll of the plains I never knew Till the Call of the Trail lured me out to view The wonderful spots where the west is new.",public_on_front,,,,,
,,Mountains,,,,,,,,,,
,,Mountain roads,,,,,,,,,,
,,Poetry,,,,,,,,,,
,,Tourism,,,,,,,,,,
PC029377,Main St. Fillmore Sask,,Canada,Saskatchewan,Fillmore,"B&w photograph of the main street in Fillmore, Saskatchewan",public_description,English,1 postcard: b&w ; 8.7 x 14 cm,postcards,gmgpc,
,,,,,,Joseph Louchotte,public_to,,,,,
,,,,,,Mutrie Via Fillmore Sask. Canada,public_address,,,,,
,,,,,,"Mon cher Constant, J'ai t a Wolseley la semaine derneire [sic], et j'ai appris avec chagrin que 3 de tes enfants taient malade aussi que Marguerite, j'espre que ce ne sera pas grand chose et je souhaite de tous [sic] mon coeur qu'ils se rtablisse bientt. J'ai aussi vu le portrait de ta famille(.) J'aimerais bien en avoir aussi un si toutefois tu en avait encore a me ferait bien plaisir. En ce moment je suis occup a faire une nouvelle maison, je t'enverrais le portrait de ma maison quand elle sera termine, il y a bien longtemps que je t'avait donner de mes nouvelles, je te donnerai une plus longue lettre bientt avec plus de dtail et j'espre quand tu recevra cette carte vous serais [sic] tous en bonne sant. Je termine en tembrassant de grand coeur. Fillmore est la ville la plus proche de chez moi. Mes meilleure amitti [sic] a [sic] ta famille, J. L.",public_message,,,,,
,,Farming,,,,Written in m.s.: Mutrie le 5 Octobre 1907,public_on_back,,,,,
,,,,,,"FILLMORE is situated in the heart of the finest wheat growing section of Saskatchewan. Being about midway between Arcola and Regina its train service is unsurpassed. Excellent connection can be made with the east or west daily. Winnipeg dailies are received here the same day as published. This is the home of the famous steam plow; these massive machines, drawing from eight to twelve plows turn over 25 to 50 acres of the virgin soil per day. Thousands of acres of the finest wheat growing farms for sale at reasonable prices.",public_on_front,,,,,
,,Land development,,,,"English translation: My dear Constant, I was in Wolseley the week before [sic], and I learned with sorrow that 3 of your children were sick as well as Marguerite, I hope it will not be much and I wish everyone [sic] my heart that they will recover soon. I also saw the portrait of your family (.) I would also like to have one if you still had it would make me very happy. At this moment I am busy making a new house, I will send you the portrait of my house when it is finished, it is a long time since I gave you my news, I will give you a longer letter soon with more detail and I hope when you receive this card you would be [sic] all healthy. I finish kissing you with a big heart. Fillmore is the closest town to my home. My best friends [sic] to your family, J. L.",public_other,,,,,
,,Land settlement--Canada,,,,,,,,,,
PC029649,"Fighting Grasshoppers Out West - Shaunavon, Sask.",,Canada,Saskatchewan,Shaunavon,B&w photograph appearing to depict a young boy brandishing an axe at a child-sized grasshopper,public_description,English,1 postcard: b&w ; 8.7 x 14 cm,postcards,gmgpc,
,,Collages,,,,,,,,,,
,,Farming,,,,,,,,,,
,,Grasshoppers,,,,,,,,,,
PC029975,"""a """"dog-on-nice""""-town Calgary, Alta.""",,Canada,Alberta,Calgary,B&w photograph manipulated to look as if an oversized dog is sitting on top of a building,public_description,English,1 postcard: sepia ; 8.7 x 13.7 cm,postcards,gmgpc,
,,,,,,W. Roberts,public_to,,,,,
,,,,,,lynn,public_from,,,,,
,,,,,,"Ravenscroft House, Golden's Green. London. NW. G.B.",public_address,,,,,
,,Collages,,,,26/11/07 The best town in the best province in the best colony. Lynn,public_message,,,,,
,,,,,,8th Ave,public_on_front,,,,,
,,Dogs,,,,,,,,,,
,,Streets,,,,,,,,,,
PC029976,We Are Feeling Pretty Foxy At Calgary.,,Canada,Alberta,Calgary,B&w photograph manipulated to look as if a building-sized fox is standing on a streetcar,public_description,English,1 postcard: sepia ; 8.7 x 13.7 cm,postcards,gmgpc,
,,,,,,Miss Monaish,public_to,,,,,
,,,,,,Mil,public_from,,,,,
,,,,,,Highland Creek Out,public_address,,,,,
,,Collages,,,,Calgary Jan 14 '10 How are [the] pins these days Mil,public_message,,,,,
,,,,,,CALGARY ALTA JAN 31 12-M 1910,public_postmark_date,,,,,
,,Streets,,,,"Written in m.s.: Although I had sent this ages ago, I also had one in my pocket to Mae, John, Ed.",public_on_back,,,,,
,,Foxes,,,,,,,,,,
,,Street railroads,,,,,,,,,,
PC030003,"A Dog-on-nice-town Calgary, Alta.",,Canada,Alberta,Calgary,B&w photograph manipulated to look as if an oversized dog is sitting on top of a building,public_description,English,1 postcard: sepia ; 8.7 x 13.7 cm,postcards,gmgpc,
,,,,,,Mrs David Steeve,public_to,,,,,
,,,,,,Randy,public_from,,,,,
,,,,,,Academy St Hillsbor[o] AB.,public_address,,,,,
,,Collages,,,,We are having nice weather here love to all Randy,public_message,,,,,
,,,,,,CALGARY ALTA JAN 6 4-PM 1910,public_postmark_date,,,,,
,,Dogs,,,,8th Avenue,public_on_front,,,,,
,,Streets,,,,,,,,,,
PC030019,"""bear In Mind"""" We Are Very Much Alive At Calgary, Alta.",,Canada,Alberta,Calgary,"B&w photograph appearing to depict a bear in the streets of Calgary, Alberta",public_description,English,1 postcard: sepia ; 8.7 x 14 cm,postcards,gmgpc,
,,,,,,Mr. Frank Hofer,public_to,,,,,
,,,,,,[I had a bear in min when i can hear about you fellows thoun in Colfax how is Dider learl i spose she is holding out the good if ou save soon. full mett tale A may healp youss],public_message,,,,,
,,,,,,Written in m.s.: it me on the corner,public_on_back,,,,,
,,Collages,,,,",",public_other,,,,,
,,Streets,,,,,,,,,,
,,Bears,,,,,,,,,,
PC030375,Picking Corn Canadian Homestead Life,Agriculture,,,,Coloured photograph of a woman picking corn in a tall field,public_description,English,1 postcard: col. ; 8.5 x 13.7 cm,postcards,gmgpc,Valentine & Sons
,,,,,,Madamoiselle A. Vincent,public_to,,,,,
,,Farming,,,,Carmline,public_from,,,,,
,,,,,,93 Third Street Auburn Maine U.S.A.,public_address,,,,,
,,Women,,,,"J'ai eu beaucoup de visiteurs et Madame Morenoy, ma fille est venue ici avec une servante et 2 bbs - Cela faisait beau-coup de trouble et le bb d'un an est mort pendant qu'elle tait ici ce qui fait que j'ai t force de mettre bien des choses de ct - salut amical. Carmline",public_message,,,,,
,,,,,,"Written on photograph: 103,035 J.V.",public_on_front,,,,,
,,Homesteading,,,,"English translation (could be improved): I had a lot of visitors and Mrs. Morenoy, my daughter came here with a maid and 2 babies - It was a lot of trouble and the one year old baby died while she was here so I I was forced to put a lot of things aside - hi friendly. Carmeline,",public_other,,,,,
PC030376,The Milkmaid Canadian Homestead Life,Agriculture,,,,Coloured photograph of a woman carrying a wooden stool and a metal pail,public_description,English,1 postcard: col. ; 8.5 x 13.7 cm,postcards,gmgpc,Valentine & Sons
,,,,,,Miss Jane Chisholne,public_to,,,,,
,,Homesteading,,,,J.H.C.,public_from,,,,,
,,,,,,Strathewen Man,public_address,,,,,
,,Farming,,,,hoping this will find you all well from J.H.C.,public_message,,,,,
,,,,,,"WINNIPEG, MAN. MAR 16 9:30 PM 1910",public_postmark_date,,,,,
,,Land settlement--Canada,,,,"Written on photograph: 103,513 J.V.",public_on_front,,,,,
,,,,,,",",public_other,,,,,
PC030647,Birtle Manitoba Canada,,Canada,Alberta,Birtle,B&w aerial photograph of Birtle Manitoba is situated above a block of text,public_description,English,1 postcard: b&w ; 9 x 14 cm,postcards,gmgpc,
,,,,,,BIRTLE MANITOBA CANADA IS SITUATED 200 MILES NORTHWEST OF THE CITY OF WINNIPEG. IT IS IN THE HEART OF THE BEST FARMING DISTRICT IN NOTH-WESTERN MANITOBA. THE WORLDS PRIZES FOR WHEAT OATS AND RYE WERE WON BY THIS DISTRICT. THE TOWN ITSELF IS SITUATED IN THE PICTURESQUE VALLEY OF THE BIRDTAIL RIVER. THIS STREAM IS CAPABLE OF PRODUCING CONSIDERABLE WATER-POWER. AUTOISTS AND TOURISTS ARE INVITED TO MAKE THIS A STOPPING PLACE. SEVERAL BEAUTIFUL SPOTS ARE AVAILABLE TO CAMPERS. THE FAMOUS BIRTLE SPRING WILL SUPPLY ALL THE LIQUID REFRESHMENTS REQUIRED. APPLY- A.E.QUELCH SECY. OR J.W. PRATT MAYOR.,public_on_front,,,,,
,,,,,,",",public_other,,,,,
,,Tourism,,,,,,,,,,
PC031225,The Only Town On The Map : Indian Head,,Canada,Saskatchewan,Indian,Map of Canada showing where Indian Head is located,public_description,English,1 postcard : col. ; 9 x 14.5 cm,postcards,gmgpc,
,,Maps,,,,,,,,,,
,,Cities & towns,,,,,,,,,,
,,Tourism,,,,,,,,,,
PC031294,"There Are Plenty Of Big Fish At Jasper Park, Canada",,Canada,Alberta,Jasper,B&w photograph appearing to show four fishermen trying to catch four oversized fish from the shore,public_description,English,1 postcard: sepai ; 8.7 x 13.7 cm,postcards,gmgpc,
,,,,,,Miss E Harrison,public_to,,,,,
,,,,,,Johnny,public_from,,,,,
,,,,,,"53 [Surp] Rd., Old Town, East bourne Sr., England",public_address,,,,,
,,Collages,,,,Dear Eileen This is my favourite sport. Johnny,public_message,,,,,
,,,,,,JASPER PM 3 XI 49 ALBERTA,public_postmark_date,,,,,
,,Fish,,,,,,,,,,
,,Fishing,,,,,,,,,,
PC031393,Ploughing The Fertile Lands Of Western Canada.,Agriculture,,,,B&w photograph of a team of horses pulling a plough across a field,public_description,English,1 postcard: b&w ; 9 x 14 cm,postcards,gmgpc,
,,,,,,"Canada has 300,000,000 acres of land suitable for farming.",public_on_front,,,,,
,,Plowing,,,,",",public_other,,,,,
,,Homesteading,,,,,,,,,,
,,Farming,,,,,,,,,,
,,Land settlement--Canada,,,,,,,,,,
PC031400,The Land Of Big Crops & Rich Pasture,Homesteading,,,,"Four b&w photographs are arranged vertically on the postcard, all showcasing various forms of Canadian farming",public_description,English,1 postcard: b&w ; 8.5 x 13.5 cm,postcards,gmgpc,
,,,,,,The Secretary of the Central Alberta Development League,public_to,,,,,
,,Land development,,,,The Secretary of the Central Alberta Development League,public_from,,,,,
,,,,,,"Edmonton, Canada",public_address,,,,,
,,Agriculture,,,,I want to know about the resources of CENTRAL ALBERTA Please send me illustrated descriptive pamphlet Name ___ Address ___ Occupation ___,public_message,,,,,
,,,,,,NO IRRIGATION AMPLE RAINFALL ; OVER,public_on_front,,,,,
,,Farming,,,,",",public_other,,,,,
,,Land settlement--Canada,,,,,,,,,,
PC031401,The Land Of Big Crops & Rich Pasture.,Homesteading,,,,"Two b&w photographs are arranged vertically on the postcard, one depicting a herd of cows; another showing a farmer at work in his field",public_description,English,1 postcard: b&w ; 8.5 x 13.5 cm,postcards,gmgpc,
,,,,,,The Secretary of the Central Alberta Development League,public_to,,,,,
,,Land development,,,,The Secretary of the Central Alberta Development League,public_from,,,,,
,,,,,,"Edmonton, Canada",public_address,,,,,
,,Agriculture,,,,I want to know about the resources of CENTRAL ALBERTA Please send me illustrated descriptive pamphlet Name ___ Address ___ Occupation ___,public_message,,,,,
,,,,,,"NO IRRIGATION IN CENTRAL ALBERTA NO """"DRY FARMING."""" ; OVER",public_on_front,,,,,
,,Farming,,,,",",public_other,,,,,
,,Land settlement--Canada,,,,,,,,,,
PC031402,Where Crops Never Fail,Homesteading,,,,Three b&w photographs arranged horizontally depict large farm homes and a field filled with large haystacks,public_description,English,1 postcard: b&w ; 8.5 x 13.5 cm,postcards,gmgpc,
,,,,,,The Secretary of the Central Alberta Development League,public_to,,,,,
,,Land development,,,,The Secretary of the Central Alberta Development League,public_from,,,,,
,,,,,,"Edmonton, Canada",public_address,,,,,
,,Agriculture,,,,I want to know about the resources of CENTRAL ALBERTA Please send me illustrated descriptive pamphlet Name ___ Address ___ Occupation ___,public_message,,,,,
,,,,,,"NO IRRIGATION NO """"DRY FARMING"""" ; OVER ; Get information about Western Canada's Richest Mixed Farming District",public_on_front,,,,,
,,Farming,,,,",",public_other,,,,,
,,Land settlement--Canada,,,,,,,,,,
PC031455,"Farm Of Alberie Dechief, Deloraine, Canada.",,Canada,Manitoba,Deloraine,Coloured photograph of a farm home and out-buildings,public_description,English,1 postcard: col. ; 8.5 x 14 cm,postcards,gmgpc,
,,,,,,"160 ACRE FARMS IN WESTERN CANADA FREE GOOD SCHOOLS. SPLENDID CLIMATE. RICH SOIL. SPLENDID PASTURAGE LAND FOR CATTLE. EXCELLENT DAIRYING. Particulars may be obtained from any CANADIAN GOVERNMENT AGENT OR FROM MR. W.D. SCOTT, Superintendent of Immigration, OTTAWA. MR. W.T.R. PRESTON, Commissioner of Emigration, 11-12 Charing Cross, LONDON, W.C. ENGLAND",public_on_back,,,,,
,,Farming,,,,,,,,,,
,,Land development,,,,,,,,,,
,,Emigration & immigration,,,,,,,,,,
,,Agriculture,,,,,,,,,,
,,Land settlement--Canada,,,,,,,,,,
PC031482,When You Were In Calgary There Was Something About You I Liked,,Canada,Alberta,Calgary,Illustrated flag is inlaid by a circular b&w photograph of a couple kissing,public_description,English,1 postcard: col. ; 9 x 14 cm,postcards,gmgpc,
,,,,,,1627,public_on_front,,,,,
,,Cities & towns,,,,,,,,,,
,,Couples,,,,,,,,,,
,,Pennants,,,,,,,,,,
,,Courtship,,,,,,,,,,
,,Tourism,,,,,,,,,,
PC031483,There's A Girl In Calgary That's Got Me Going,,Canada,Alberta,Calgary,Illustrated flag is inlaid by a circular b&w photograph of a couple embracing,public_description,English,1 postcard: col. ; 9 x 14 cm,postcards,gmgpc,
,,,,,,1627,public_on_front,,,,,
,,Cities & towns,,,,,,,,,,
,,Couples,,,,,,,,,,
,,Pennants,,,,,,,,,,
,,Courtship,,,,,,,,,,
,,Tourism,,,,,,,,,,
PC032366,Estevan Chust Chase Your Self To Dis Town Undt Make Me Gladt.,,Canada,Saskatchewan,Estevan,Illustration of a child with an open mouth ; dressed in traditional Dutch clothing,public_description,English,1 postcard : col. ; 9 x 14 cm,postcards,gmgpc,
,,,,,,Mrs. A. Johnston,public_to,,,,,
,,,,,,Lily B[ev]a[u],public_from,,,,,
,,,,,,"R.R. No. [I]. Chilliwack, B.C.",public_address,,,,,
,,Cities & towns,,,,"Sep. 2, 1915. Dear Auntie + All: - just writing you for the address of those heart's tablets as a young girl up here is dying from blockage of the heart and they seem to find no ease at all. If you have a very few they would perhaps do her some good and her folks will appreciate it and pay you. As ever - Lily Bevau.",public_message,,,,,
,,,,,,[NOR. PORT. N.M.R.P.O.] 13 SP 3 15,public_postmark_date,,,,,
,,Children,,,,6509,public_on_front,,,,,
,,Pennants,,,,,,,,,,
,,Tourism,,,,,,,,,,
PC032374,"They All Turned Out To Meet Me At Francis, Sask.",,Canada,Saskatchewan,Francis,Illustration depicting a man with an oversized head disembarking from a train; a crowd throw their hats in the air to greet him,public_description,English,1 postcard : col. ; 9 x 14 cm,postcards,gmgpc,
,,,,,,Mrs. H. A Worden,public_to,,,,,
,,,,,,[S].B.W.,public_from,,,,,
,,,,,,"Indian Head, Sask.",public_address,,,,,
,,Railroad trains,,,,"Arrived here safely this morning. Great place this I must say. Are going out w Fred Dukes this afternoon. Yours Sincirly[sic], [S].B.W.",public_message,,,,,
,,,,,,FRANCIS OC 30. 12 SASK.,public_postmark_date,,,,,
,,Crowds,,,,740,public_on_front,,,,,
,,Cities & towns,,,,,,,,,,
,,Tourism,,,,,,,,,,
PC032375,"I Wrote This At Francis, Sask. A Pleasant Place",,Canada,Saskatchewan,Francis,Illustration depicting a man and a woman with oversized heads sitting at a table and writing letters,public_description,English,1 postcard : col. ; 9 x 14 cm,postcards,gmgpc,
,,,,,,Mrs. H. A. Worden,public_to,,,,,
,,,,,,Jack,public_from,,,,,
,,,,,,"Indian Head, Sask.",public_address,,,,,
,,Correspondence,,,,Arrived in Francis O.K. and went at once to the Country. We are leaving for Colfax in the Morning. Yours [Reo] Jack,public_message,,,,,
,,,,,,FRANCIS AM NO 04 12 SASK,public_postmark_date,,,,,
,,Writing,,,,740,public_on_front,,,,,
,,Cities & towns,,,,,,,,,,
,,Tourism,,,,,,,,,,
PC032412,Welcome To Morse The Best Town In The Country,,Canada,Saskatchewan,Morse,"Illustration of a flag underneath a b&w photograph of a street in Morse, Saskatchewan",public_description,English,1 postcard: col. ; 9 x 14 cm,postcards,gmgpc,
,,,,,,Written in m.s.: SASK.,public_on_front,,,,,
,,Cities & towns,,,,,,,,,,
,,Streets,,,,,,,,,,
,,Pennants,,,,,,,,,,
,,Tourism,,,,,,,,,,
PC032414,"A Good Day For Ducks At Nipawin Sask., Canada",,Canada,Saskatchewan,Nipawin,B&w photograph appearing to show two hunters shaking hands amidst the corpses of dozens of ducks; the air and water behind them are also filled with the birds,public_description,English,1 postcard: b&w ; 8.7 x 14 cm,postcards,gmgpc,
,,,,,,14,public_on_front,,,,,
,,Collages,,,,,,,,,,
,,Ducks,,,,,,,,,,
,,Duck shooting,,,,,,,,,,
PC032493,"Cattle On The Cochrane Ranch, Western Canada.",Farming,,,,Coloured photograph of a herd of cattle,public_description,English,1 postcard: col. ; 8.5 x 14 cm,postcards,gmgpc,
,,,,,,Mrs. G. Harris,public_to,,,,,
,,Land development,,,,24 Kerndwarth Road Elane,public_address,,,,,
,,,,,,My Dear aunty G I am sending you this post card as I did Auny Mary Covetad[?] f[r]om [Caretac],public_message,,,,,
,,Emigration & immigration,,,,"160 ACRE FARMS IN WESTERN CANADA FREE GOOD SCHOOLS. SPLENDID CLIMATE. RICH SOIL. SPLENDID PASTURAGE LAND FOR CATTLE. EXCELLENT DAIRYING. Particulars may be obtained from any CANADIAN GOVERNMENT AGENT OR FROM MR. W.D. SCOTT, Superintendent of Immigration, OTTAWA. MR. W.T.R. PRESTON, Commissioner of Emigration, 11-12 Charing Cross, LONDON, W.C. ENGLAND",public_on_back,,,,,
,,Agriculture,,,,,,,,,,
,,Land settlement--Canada,,,,,,,,,,
PC032580,Alberta Goverment Exibit,,Canada,Alberta,,B&w photograph depicting an exhibit showcasing Alberta,public_description,English,1 postcard: b&w ; 9 x 14 cm,postcards,gmgpc,
,,,,,,Folks,public_to,,,,,
,,,,,,"Department of Agriculture, Alberta Board of Trade",public_from,,,,,
,,,,,,"Toronto, Sept. 1908 Dear Folks I have just seen the Alberta Government exhibit at the Fair. Say! They must have a great province. Wheat goes as high as 60 bushels to the acre and from 30 to 40 is common. Oats yield from 40 to 100 bushel, and barley 30 to 50 bushel. You should see the unitation wheat field, the grand display of native and tame grasses and also clovers and alfalfa. Vegetables do well there, The climate is ideal for health. Coal is found in all parts of the Province. Coal oil and natural gas are also found there. If you are interested write to the Department of Agriculture, Edmonton or the Secretary of any Alberta Board  of Trade for literature With kind regards from Yours Sincerely",public_message,,,,,
,,Agricultural exhibits,,,,,,,,,,
,,Agriculture,,,,,,,,,,
,,Land development,,,,,,,,,,
,,Land settlement--Canada,,,,,,,,,,
PC032724,"They Gave Us A Rousing Welcome At Portage La Prairie, Man.",,Canada,Manitoba,Portage,Illustration depicting a man and a woman with oversized heads standing on a car while a crowd greets them by throwing their hats in the air,public_description,English,1 postcard : col. ; 9 x 14 cm,postcards,gmgpc,
,,,,,,Miss Jessie Wilson,public_to,,,,,
,,,,,,Mrs. Wishart,public_from,,,,,
,,,,,,c/o Y. W. C. A. Branding House Winnipeg Man,public_address,,,,,
,,Crowds,,,,"Read your card today, and will be very pleased to see you and your friend next sat. if we are not at station to meet you, go to Albion Hotel and we will meet you there",public_message,,,,,
,,,,,,PORTAGE LA PRAIRIE 10 JUN 12 13 MAN,public_postmark_date,,,,,
,,Automobiles,,,,,,,,,,
,,Cities & towns,,,,,,,,,,
,,Tourism,,,,,,,,,,
PC034218,I Am Having A High Time In Winnipeg.,,Canada,Manitoba,Winnipeg,B&w photograph of a street in Winnipeg; has been manipulated to appear as if two airplanes are flying low within the city,public_description,English,1 postcard: sepia ; 8.3 x 14 cm,postcards,gmgpc,
,,Collages,,,,,,,,,,
,,Streets,,,,,,,,,,
,,Airplanes,,,,,,,,,,
PC034780,"Haf Youse Forgotten Your Frients In Edmonton If Not, Vy Don't Youse Write",,Canada,Alberta,Edmonton,"""Illustrated flag with the word """"Edmonton"""" is printed to the left of an illustration of a young Dutch girl checking the postbox""",public_description,English,1 postcard: col. ; 9 x 14 cm,postcards,gmgpc,
,,Cities & towns,,,,,,,,,,
,,Children,,,,,,,,,,
,,Pennants,,,,,,,,,,
,,Correspondence,,,,,,,,,,
,,Tourism,,,,,,,,,,
PC034868,"The One That Got Away Portage La Prairie, Man. Canada",,Canada,Manitoba,Portage,B&w photograph appearing to show a person attempting to catch an enourmous fish from a small rowboat,public_description,English,1 postcard: sepia ; 8.7 x 13.7 cm,postcards,gmgpc,
,,,,,,5,public_on_front,,,,,
,,Collages,,,,,,,,,,
,,Fish,,,,,,,,,,
,,Fishing,,,,,,,,,,
PC034926,"""good Shooting Here """"the Pas"""", Man.""",,Canada,Manitoba,Nipawin,B&w photograph appearing to show a sky full of Canada Geese; a hunter aims at them from behind a blind,public_description,English,1 postcard: sepia ; 8.7 x 14 cm,postcards,gmgpc,
,,,,,,22,public_on_front,,,,,
,,Collages,,,,,,,,,,
,,Blinds (Shelters),,,,,,,,,,
,,Ducks,,,,,,,,,,
,,Duck shooting,,,,,,,,,,
PC034930,I Haf A Feller In Baldur Dot Iss De Lufliest Dot Yet Vos.,,Canada,Manitoba,Baldur,Illustrated flag and young girl in Dutch clothing,public_description,English,1 postcard: col. ; 9 x 14 cm,postcards,gmgpc,
,,,,,,Clara,public_to,,,,,
,,,,,,[Irma?],public_from,,,,,
,,,,,,"""Baldur Man. Oct. 27/15. Dearest Clara - thanks ever so much for your nice letter rec. this afternoon. We are fine + having a good time. We expect to come home the first of next  week either on Mon. or Sun. We are going to the city on Sat. Will you ask John Roblin to keep an eye on everything around the house especially the wagons on Sat. night """"Halloween"""" in case the kids get mischievious around there. It drizzled all day Sun. here and a howling snow storm on mtn. until into the afternoon when it cleared up. That put a stop to the threshing for a while I'm making a bureau scarf out of embroidered hand[?] + lace. I think it's going to be pretty. I knitted a lace which I intend to have around a doily and that bag I told you about and that's all I've done. Lazy, eh? Kind regards to all from us [?] and love to you from Your loving [Irma?]""",public_message,,,,,
,,Cities & towns,,,,,,,,,,
,,Children,,,,,,,,,,
,,Pennants,,,,,,,,,,
,,Courtship,,,,,,,,,,
,,Tourism,,,,,,,,,,
PC034932,There Are Many Reasons Why I'm Staying In Neepawa This Is One Of Them,,Canada,Manitoba,Neepawa,"""Orange felt flag with the word """"Neepawa"""" is affixed to the left-hand side of the card; on the right a b&w photograph depicts a man sitting in a chair with a woman in his lap""",public_description,English,1 postcard: col. ; 9 x 14 cm,postcards,gmgpc,
,,Cities & towns,,,,,,,,,,
,,Couples,,,,,,,,,,
,,Pennants,,,,,,,,,,
,,Courtship,,,,,,,,,,
,,Tourism,,,,,,,,,,
PC034937,"Taking Our Geese To Market Mccreary, Man.",,Canada,Manitoba,McCreary,B&w photograph appearing to show two men leading roughly 12-foot-tall ducks down a road,public_description,English,1 postcard: b&w ; 9 x 14 cm,postcards,gmgpc,
,,,,,,17,public_on_front,,,,,
,,Collages,,,,,,,,,,
,,Ducks,,,,,,,,,,
PC034939,"Getting Canned! Mccreary, Man.",,Canada,Manitoba,McCreary,B&w photograph appearing to show a family canning boulder-sized peaches,public_description,English,1 postcard: b&w ; 9 x 14 cm,postcards,gmgpc,
,,,,,,18,public_on_front,,,,,
,,Collages,,,,,,,,,,
,,Farming,,,,,,,,,,
,,Peaches,,,,,,,,,,
PC034947,When You Want To Forget Your Troubles Cypress River Man. Is The Place For You.,,Canada,Manitoba,Cypress,"Colourised photograph of a country lane in Cypress River, Manitoba is set to the left of a yellow flag with the town's name on it; all sit on a background of a blue sky",public_description,English,1 postcard: col. ; 9 x 14 cm,postcards,gmgpc,
,,,,,,Beno,public_from,,,,,
,,,,,,Un baiser pour toi Et le bonjour a toute la famille,public_message,,,,,
,,,,,,Written in m.s.: 3,public_on_back,,,,,
,,Cities & towns,,,,Written in m.s.: 27 Oct. 1924,public_on_front,,,,,
,,,,,,Rough translation: A kiss for you and hello to the whole family,public_other,,,,,
,,Rural areas,,,,,,,,,,
,,Pennants,,,,,,,,,,
,,Tourism,,,,,,,,,,
PC035143,A Characteristic Gently Rolling Goose Lake District,,Canada,Saskatchewan,Goose,B&w photograph of an empty field,public_description,English,1 postcard: sepia ; 9 x 14 cm,postcards,gmgpc,
,,,,,,Mr John G Reitz,public_to,,,,,
,,,,,,Godart Land Co.,public_from,,,,,
,,,,,,Meadow Grove Nebr,public_address,,,,,
,,Homesteading,,,,"Again this year, 1913, Canada has produced a fine crop. Did you ever stop to consider what a mag-nificent compliment to Canada is the fact that 675,000 Americans have settled in Canada in the last 7 years, and they've stayed there which must mean they are happy and prosperous for the American does not stay where he is not making good. Could you have better proof of Canada's goodness? We tell you that we confidently expect the land we are selling in the Goose Lake District, Saskatchewan will have a valuation of close to $100.00 per acre within in a few years. Our opinion is the same as that of many others who know this fine land and it is founded on a thorough acquaintance for a number of years. We believe you would have the same opinion if you saw it with us and if so it certainly offers you a splendid opportunity for profitable investment. We tell you this because we want you to come with us on our trip leaving St. Paul September 17th. We will give you a reduced rate and furnish good bed and board on our private car at a small price. If you purchase the trip costs you nothing. A fine trip to fine land showing the great 1913 Canadian harvest on the way. Can we make a fairer offer? Will you come? GODART LAND CO. ST. PAUL, MINN.",public_message,,,,,
,,,,,,"ST. PAUL, MINN. SEP 6 1:30 PM 1913",public_postmark_date,,,,,
,,Land settlement--Canada,,,,,,,,,,
PC035145,"Actual Size Of Some Average Heads From A 1913 Goose Lake Wheat Field Godart Land Co. St. Paul, Minn.",,Canada,Saskatchewan,Goose,"B&w photograph of three heads of wheat, supposedly depicted at actual size",public_description,English,1 postcard: b&w ; 9 x 13.5 cm,postcards,gmgpc,
,,,,,,Mr. John G Reitz,public_to,,,,,
,,,,,,Godart Land Co.,public_from,,,,,
,,,,,,Meadow Grove Nebr,public_address,,,,,
,,Agriculture,,,,"THE wheat heads shown on the other side are av-erage heads of a 1913 Goose Lake wheat field. They are plump, long and filled to the end. A reasonable estimate of the yield per acre of this field would be at least 40 bushels. Any of the Goose Lake lands we are selling will do as well, as the soil is rich, heavy and deep. On the excursion of September 3rd, when the above mentioned heads were gathered, we had men from Illinois, Iowa, and Nebraska with us. They all said they had never seen better land or crops and they backed up their opinion with their money by purchasing. We believe you would feel the same about this fine land when you saw it. Why not make up your mind to come with us on the trip leaving St. Paul Wednesday, September 17th. You will never get away unless you make up your mind to come and then come. We would like to have you with us. GODART LAND CO. ST. PAUL, MINN.",public_message,,,,,
,,,,,,"ST. PAUL, MINN SEP 12 5:30 PM 1913",public_postmark_date,,,,,
,,Farming,,,,,,,,,,
,,Real estate business,,,,,,,,,,
,,Land development,,,,,,,,,,
,,Land settlement--Canada,,,,,,,,,,
PC035413,There's A Girl In Bosissevain That's Got Me Going,,Canada,Manitoba,Boissevain,"""Green felt flag with the word """"Bosissevain"""" written on it affixed to the card; accompanied by a b&w photograph of a couple standing together under an umbrella on the right""",public_description,English,1 postcard: col. ; 8.7 x 14 cm,postcards,gmgpc,
,,,,,,Mrs. Annie Burns,public_to,,,,,
,,,,,,Hes,public_from,,,,,
,,,,,,"610-6 ave. N Saskatoon, Sask",public_address,,,,,
,,Cities & towns,,,,"Boissevain Man Sept 12 19/13 Dear Annie Just a line hoping you are well. I received your card safely. Suppose you are having a big time out there Well I am having one time to. How do you like anyway I like it pretty well but not working for some one else. Willard and I are working together as S Browns, Well bye bye Hes",public_message,,,,,
,,,,,,BOISSEVAIN AM SP 23 12 MAN.,public_postmark_date,,,,,
,,Pennants,,,,,,,,,,
,,Couples,,,,,,,,,,
,,Courtship,,,,,,,,,,
,,Tourism,,,,,,,,,,
